customer_id,email,phone,country,signup_at
1,fay.silva4@initech.dev,+18869337051,DE,2022-11-08 00:00:00
2,ivan.silva44@gmail.com,+15458636821,GB,2026-02-17 00:00:00
3,fay.silva11@yahoo.com,+12711228524,AU,2024-11-23 00:00:00
4,chi.silva27@yahoo.com,+16831785610,US,2026-04-10 00:00:00
5,hana.muller45@umbrella.co,+17670369026,DE,2023-10-19 00:00:00
6,eli.dubois13@gmail.com,+12277570073,US,2025-07-27 00:00:00
7,dev.silva47@outlook.com,+19001680527,FR,2024-11-29 00:00:00
8,kai.khan30@initech.dev,+13951657858,IN,2024-03-15 00:00:00
9,kai.tanaka17@globex.io,+15759510813,AU,2024-11-12 00:00:00
10,kai.rossi85@outlook.com,+18832174089,GB,2024-11-16 00:00:00
11,eli.rossi7@gmail.com,+13424085914,BR,2024-04-30 00:00:00
12,ben.muller39@gmail.com,+12753590360,US,2023-02-21 00:00:00
13,kai.dubois69@acme-corp.com,+14268363134,US,2023-10-15 00:00:00
14,hana.khan29@initech.dev,+17586564401,GB,2023-09-15 00:00:00
15,dev.park98@initech.dev,+15346498711,BR,2025-06-12 00:00:00
16,ana.silva29@globex.io,+18225761957,DE,2023-08-26 00:00:00
17,ana.rossi15@globex.io,+18442105807,CA,2023-02-12 00:00:00
18,ivan.novak43@gmail.com,+14540432560,GB,2024-12-12 00:00:00
19,gus.khan15@yahoo.com,+15580373753,AU,2024-09-21 00:00:00
20,chi.silva89@gmail.com,+17506278215,US,2023-11-25 00:00:00
21,hana.park27@globex.io,+19646546171,GB,2024-12-08 00:00:00
22,chi.dubois49@gmail.com,+13520943367,FR,2023-05-09 00:00:00
23,hana.tanaka72@yahoo.com,+16357828621,US,2022-12-07 00:00:00
24,hana.rossi50@gmail.com,+16304532837,US,2025-08-11 00:00:00
25,lea.silva38@umbrella.co,+17339573630,IN,2026-03-10 00:00:00
26,eli.park23@outlook.com,+12442742942,US,2023-12-12 00:00:00
27,dev.dubois10@initech.dev,+15600442877,BR,2024-04-23 00:00:00
28,dev.okafor60@umbrella.co,+16692054416,CA,2024-06-05 00:00:00
29,hana.novak71@umbrella.co,+15674447207,GB,2023-10-15 00:00:00
30,gus.dubois89@initech.dev,+17166365186,BR,2026-03-18 00:00:00
31,ben.dubois63@acme-corp.com,+16599537554,CA,2023-06-19 00:00:00
32,jo.novak55@globex.io,+13960225522,DE,2025-06-02 00:00:00
33,gus.khan3@acme-corp.com,+19840958608,IN,2026-05-04 00:00:00
34,lea.park48@gmail.com,+18207099459,US,2023-08-13 00:00:00
35,gus.dubois5@gmail.com,+15098130587,IN,2025-11-09 00:00:00
36,kai.okafor73@globex.io,+14596553812,FR,2022-10-15 00:00:00
37,jo.okafor4@initech.dev,+13119608318,CA,2024-09-21 00:00:00
38,hana.park43@acme-corp.com,+15399965445,GB,2023-12-19 00:00:00
39,ana.okafor69@gmail.com,+13860039339,CA,2026-05-03 00:00:00
40,eli.tanaka94@acme-corp.com,+16780799145,AU,2026-03-07 00:00:00
41,eli.rossi35@globex.io,+14698539037,US,2023-10-24 00:00:00
42,ben.tanaka85@gmail.com,+17350889351,AU,2022-11-23 00:00:00
43,gus.okafor96@gmail.com,+18079207843,AU,2025-01-15 00:00:00
44,ben.park78@gmail.com,+16769142114,DE,2024-07-23 00:00:00
45,gus.silva7@acme-corp.com,+16393862039,US,2024-09-08 00:00:00
46,ben.novak41@globex.io,+15823452164,IN,2025-08-14 00:00:00
47,fay.okafor43@yahoo.com,+16578279973,FR,2023-10-31 00:00:00
48,gus.khan84@gmail.com,+13704214409,GB,2024-03-19 00:00:00
49,hana.okafor35@initech.dev,+19659179469,US,2024-04-02 00:00:00
50,ivan.park33@umbrella.co,+14108171151,US,2024-04-10 00:00:00
51,dev.khan98@umbrella.co,+13836114561,CA,2025-03-04 00:00:00
52,chi.novak11@gmail.com,+12739066929,CA,2023-05-04 00:00:00
53,lea.park54@gmail.com,+13510877120,BR,2024-01-29 00:00:00
54,kai.silva66@gmail.com,+17745202257,AU,2024-05-02 00:00:00
55,fay.park68@umbrella.co,+14905652608,US,2024-02-13 00:00:00
56,chi.dubois37@globex.io,+19827981697,IN,2022-12-26 00:00:00
57,ana.rossi26@umbrella.co,+18980481031,BR,2025-01-04 00:00:00
58,gus.rossi10@outlook.com,+16921276132,US,2026-02-04 00:00:00
59,hana.okafor54@gmail.com,+19124754671,IN,2026-05-07 00:00:00
60,kai.novak13@umbrella.co,+13944933498,AU,2025-02-10 00:00:00
61,kai.silva34@acme-corp.com,+15071077171,AU,2025-03-05 00:00:00
62,jo.dubois34@umbrella.co,+13914638556,FR,2024-03-22 00:00:00
63,gus.rossi85@gmail.com,+12175017785,GB,2026-01-23 00:00:00
64,eli.park13@outlook.com,+15761841531,BR,2024-03-14 00:00:00
65,ana.silva57@initech.dev,+14826638402,US,2023-10-21 00:00:00
66,lea.muller93@globex.io,+15884554172,GB,2025-03-19 00:00:00
67,dev.park13@yahoo.com,+16406085674,IN,2024-10-01 00:00:00
68,jo.silva39@umbrella.co,+14250688075,AU,2025-08-02 00:00:00
69,hana.dubois39@acme-corp.com,+15475212243,US,2022-10-12 00:00:00
70,kai.dubois3@gmail.com,+14774285950,IN,2025-11-29 00:00:00
71,chi.dubois3@umbrella.co,+18828637053,CA,2025-03-08 00:00:00
72,ben.rossi40@yahoo.com,+18859277582,DE,2025-01-02 00:00:00
73,eli.khan34@gmail.com,+15930152745,AU,2023-10-21 00:00:00
74,lea.dubois43@initech.dev,+12351839769,FR,2025-11-08 00:00:00
75,dev.dubois11@yahoo.com,+18343341498,AU,2025-08-02 00:00:00
76,fay.muller1@acme-corp.com,+18027353992,CA,2023-09-11 00:00:00
77,kai.dubois79@yahoo.com,+16537448025,US,2025-11-19 00:00:00
78,chi.novak82@yahoo.com,+16415272825,AU,2023-07-24 00:00:00
79,fay.novak51@acme-corp.com,+15193152326,DE,2026-04-01 00:00:00
80,hana.okafor53@gmail.com,+13950425983,GB,2023-06-01 00:00:00
81,ivan.tanaka98@gmail.com,+15065881076,US,2023-05-15 00:00:00
82,chi.novak68@yahoo.com,+15366845627,IN,2023-03-05 00:00:00
83,hana.silva62@initech.dev,+12707724068,BR,2026-04-19 00:00:00
84,ivan.muller90@acme-corp.com,+13235123585,CA,2024-10-08 00:00:00
85,ben.dubois18@gmail.com,+13693274031,BR,2025-06-15 00:00:00
86,hana.tanaka26@gmail.com,+16194394967,US,2022-12-25 00:00:00
87,hana.rossi73@umbrella.co,+16416914136,IN,2023-07-03 00:00:00
88,eli.rossi84@globex.io,+18744211043,FR,2025-03-29 00:00:00
89,kai.silva49@gmail.com,+13778325691,BR,2022-12-08 00:00:00
90,jo.muller47@outlook.com,+13282091153,FR,2023-11-26 00:00:00
91,chi.dubois92@gmail.com,+19740938622,BR,2023-08-04 00:00:00
92,chi.dubois90@gmail.com,+16239127285,IN,2022-12-20 00:00:00
93,fay.dubois52@gmail.com,+18725867196,DE,2024-10-27 00:00:00
94,eli.dubois39@gmail.com,+16996199370,US,2024-12-07 00:00:00
95,kai.muller18@gmail.com,+17230802880,US,2024-08-12 00:00:00
96,jo.rossi97@umbrella.co,+19681854230,US,2025-05-10 00:00:00
97,lea.novak31@gmail.com,+13006704161,US,2023-09-22 00:00:00
98,eli.muller21@acme-corp.com,+16939094896,GB,2023-04-22 00:00:00
99,fay.park41@umbrella.co,+16842879626,AU,2026-05-11 00:00:00
100,lea.tanaka83@initech.dev,+18170105396,AU,2023-01-11 00:00:00
101,ben.khan62@outlook.com,+14455209011,US,2023-12-14 00:00:00
102,ana.okafor15@initech.dev,+18408208046,IN,2024-09-29 00:00:00
103,chi.tanaka9@yahoo.com,+16866906013,GB,2025-05-30 00:00:00
104,jo.dubois11@gmail.com,+15083460192,IN,2025-06-11 00:00:00
105,eli.okafor6@globex.io,+18856078771,BR,2025-01-29 00:00:00
106,dev.tanaka94@gmail.com,+15490202941,US,2026-03-06 00:00:00
107,ivan.khan49@initech.dev,+12067785301,IN,2024-07-13 00:00:00
108,ben.muller17@gmail.com,+16831151753,FR,2022-11-14 00:00:00
109,ana.novak8@initech.dev,+12787455356,AU,2024-09-20 00:00:00
110,jo.okafor14@gmail.com,+19442746689,US,2022-09-25 00:00:00
111,lea.novak4@yahoo.com,+18365197506,GB,2025-02-16 00:00:00
112,lea.muller29@initech.dev,+15858139900,US,2026-02-17 00:00:00
113,hana.okafor42@acme-corp.com,+17284513266,US,2023-09-13 00:00:00
114,ana.dubois40@acme-corp.com,+17769124743,BR,2024-05-15 00:00:00
115,lea.park22@umbrella.co,+18882466099,DE,2026-04-03 00:00:00
116,fay.novak98@yahoo.com,+17488786665,BR,2026-01-18 00:00:00
117,fay.dubois40@umbrella.co,+12377861978,US,2023-02-17 00:00:00
118,dev.tanaka72@acme-corp.com,+15921985523,IN,2023-04-29 00:00:00
119,ana.muller8@gmail.com,+17126647534,US,2026-04-08 00:00:00
120,gus.dubois54@acme-corp.com,+19201687874,BR,2024-07-16 00:00:00
121,chi.okafor75@yahoo.com,+16480715300,US,2025-11-02 00:00:00
122,dev.tanaka93@acme-corp.com,+14068743760,GB,2022-09-19 00:00:00
123,kai.khan74@initech.dev,+14487002160,BR,2024-06-17 00:00:00
124,chi.okafor80@acme-corp.com,+12090067660,FR,2026-04-19 00:00:00
125,ivan.rossi94@globex.io,+13405870039,FR,2023-07-23 00:00:00
126,eli.okafor80@umbrella.co,+18726101128,GB,2025-07-22 00:00:00
127,chi.khan66@acme-corp.com,+17893812529,US,2025-08-05 00:00:00
128,eli.novak98@gmail.com,+14105267412,US,2026-04-09 00:00:00
129,jo.tanaka75@outlook.com,+13741813915,FR,2023-06-01 00:00:00
130,hana.okafor8@yahoo.com,+15319646694,IN,2026-05-23 00:00:00
131,ben.dubois21@initech.dev,+14250687534,GB,2025-09-06 00:00:00
132,kai.muller83@yahoo.com,+12546010855,US,2026-03-13 00:00:00
133,lea.muller3@initech.dev,+18426411432,CA,2023-04-15 00:00:00
134,ben.park89@globex.io,+18074288728,GB,2024-08-03 00:00:00
135,chi.dubois94@umbrella.co,+15213273193,US,2026-04-19 00:00:00
136,hana.okafor60@acme-corp.com,+14370423859,GB,2024-03-19 00:00:00
137,lea.dubois18@umbrella.co,+19414488773,CA,2025-09-19 00:00:00
138,kai.khan63@gmail.com,+14228293394,CA,2026-03-12 00:00:00
139,dev.khan15@outlook.com,+13067730226,US,2023-04-05 00:00:00
140,eli.muller89@gmail.com,+14619078308,US,2023-06-18 00:00:00
141,ben.novak94@gmail.com,+18659898758,US,2024-04-21 00:00:00
142,hana.park15@yahoo.com,+17396320974,AU,2025-11-03 00:00:00
143,ivan.tanaka37@acme-corp.com,+17776156812,IN,2023-07-13 00:00:00
144,hana.okafor89@umbrella.co,+12116124108,AU,2023-05-13 00:00:00
145,fay.silva56@gmail.com,+13930592052,US,2025-04-29 00:00:00
146,eli.tanaka27@gmail.com,+17168699096,US,2023-12-30 00:00:00
147,gus.dubois64@acme-corp.com,+12492655001,BR,2025-02-18 00:00:00
148,fay.tanaka51@gmail.com,+14183299861,US,2024-06-02 00:00:00
149,ivan.rossi68@yahoo.com,+17835952905,US,2023-10-25 00:00:00
150,gus.rossi63@acme-corp.com,+15802508453,US,2024-03-13 00:00:00
151,eli.okafor28@initech.dev,+17645018269,AU,2025-03-16 00:00:00
152,kai.khan96@acme-corp.com,+13145954627,US,2024-07-10 00:00:00
153,ben.tanaka93@outlook.com,+15996900442,CA,2023-09-04 00:00:00
154,ben.dubois22@gmail.com,+17506348117,AU,2024-12-05 00:00:00
155,ana.tanaka89@gmail.com,+12710745872,US,2024-04-16 00:00:00
156,hana.park82@yahoo.com,+19464525853,IN,2024-04-01 00:00:00
157,fay.khan96@globex.io,+18322368604,BR,2026-02-18 00:00:00
158,chi.silva76@globex.io,+14740435999,US,2025-02-11 00:00:00
159,chi.park78@yahoo.com,+12269715486,CA,2026-02-08 00:00:00
160,dev.novak91@yahoo.com,+13202787640,US,2026-04-01 00:00:00
161,ben.tanaka43@outlook.com,+18349967154,DE,2024-01-04 00:00:00
162,fay.tanaka97@umbrella.co,+12969391587,AU,2023-09-13 00:00:00
163,jo.park16@gmail.com,+12058026090,IN,2025-05-06 00:00:00
164,ivan.rossi47@umbrella.co,+12061566161,CA,2026-01-24 00:00:00
165,ivan.khan37@initech.dev,+12485800328,IN,2025-04-25 00:00:00
166,ivan.silva74@acme-corp.com,+15223217339,FR,2025-09-13 00:00:00
167,hana.muller57@umbrella.co,+13708860784,GB,2025-08-17 00:00:00
168,ivan.tanaka53@globex.io,+16383702464,CA,2026-05-04 00:00:00
169,fay.tanaka53@gmail.com,+15661202587,IN,2026-04-04 00:00:00
170,jo.tanaka20@initech.dev,+12775839085,IN,2025-01-02 00:00:00
171,jo.okafor69@initech.dev,+17329869119,AU,2025-10-03 00:00:00
172,ivan.rossi33@initech.dev,+18987508505,US,2023-01-18 00:00:00
173,ana.dubois95@gmail.com,+15983972149,GB,2025-01-14 00:00:00
174,dev.rossi79@acme-corp.com,+18890304231,FR,2023-12-28 00:00:00
175,ana.park87@outlook.com,+13800162706,GB,2025-01-02 00:00:00
176,lea.okafor80@initech.dev,+15907652818,AU,2026-01-01 00:00:00
177,kai.tanaka93@gmail.com,+14253146601,GB,2025-11-16 00:00:00
178,ana.khan84@initech.dev,+18358015947,US,2023-05-04 00:00:00
179,eli.okafor59@gmail.com,+15755368485,IN,2023-05-12 00:00:00
180,gus.okafor4@gmail.com,+15734327014,FR,2026-04-22 00:00:00
181,hana.silva3@gmail.com,+14697448311,US,2023-08-13 00:00:00
182,gus.tanaka81@yahoo.com,+15154877845,GB,2024-08-28 00:00:00
183,ivan.okafor18@outlook.com,+13819353885,DE,2026-04-23 00:00:00
184,jo.silva35@outlook.com,+19307020811,US,2026-01-29 00:00:00
185,chi.okafor89@outlook.com,+14954502720,US,2026-05-13 00:00:00
186,dev.muller79@outlook.com,+19576671278,CA,2025-05-22 00:00:00
187,chi.okafor65@outlook.com,+15887332077,FR,2024-08-16 00:00:00
188,fay.okafor48@gmail.com,+13411544323,IN,2023-09-27 00:00:00
189,fay.khan82@acme-corp.com,+19188864469,GB,2025-08-09 00:00:00
190,ivan.novak16@acme-corp.com,+19685209655,US,2024-05-14 00:00:00
191,fay.dubois36@globex.io,+14158986947,US,2023-09-05 00:00:00
192,jo.novak76@globex.io,+15656252317,CA,2023-04-28 00:00:00
193,eli.novak42@globex.io,+14585013185,AU,2023-05-02 00:00:00
194,kai.dubois47@gmail.com,+14702075886,US,2024-06-28 00:00:00
195,chi.dubois12@umbrella.co,+17649263768,US,2026-04-04 00:00:00
196,fay.khan55@umbrella.co,+17143259964,US,2026-05-26 00:00:00
197,hana.rossi63@gmail.com,+16224665021,DE,2023-05-03 00:00:00
198,ivan.muller47@outlook.com,+14709751813,FR,2022-10-14 00:00:00
199,fay.silva85@gmail.com,+17056590847,FR,2023-06-03 00:00:00
200,ana.muller98@globex.io,+12258243408,AU,2025-09-06 00:00:00
201,jo.okafor89@globex.io,+15915708694,GB,2022-10-26 00:00:00
202,hana.silva53@gmail.com,+13733013571,AU,2022-11-07 00:00:00
203,kai.khan1@gmail.com,+12804645792,CA,2023-01-13 00:00:00
204,ben.novak3@outlook.com,+17294979684,US,2024-01-17 00:00:00
205,hana.tanaka96@outlook.com,+17134403428,DE,2024-07-15 00:00:00
206,eli.novak12@gmail.com,+12276085227,FR,2025-07-31 00:00:00
207,ben.silva63@initech.dev,+19664493336,GB,2022-11-21 00:00:00
208,dev.rossi6@yahoo.com,+12078434828,US,2023-05-14 00:00:00
209,gus.muller95@globex.io,+12682959323,DE,2025-08-07 00:00:00
210,eli.silva40@outlook.com,+14617483853,US,2023-07-03 00:00:00
211,chi.silva60@gmail.com,+15143616556,US,2024-11-15 00:00:00
212,ivan.novak20@outlook.com,+12051883925,US,2024-07-23 00:00:00
213,ben.okafor64@globex.io,+19075999242,DE,2023-07-26 00:00:00
214,chi.rossi32@globex.io,+12423526877,US,2023-11-01 00:00:00
215,gus.dubois79@initech.dev,+19258539055,AU,2022-12-01 00:00:00
216,eli.park91@outlook.com,+17454353743,GB,2023-03-18 00:00:00
217,kai.novak14@outlook.com,+16376173713,FR,2023-10-09 00:00:00
218,dev.park59@yahoo.com,+19837607312,DE,2023-08-01 00:00:00
219,kai.tanaka13@gmail.com,+18308055905,US,2026-05-02 00:00:00
220,dev.park6@yahoo.com,+19613036826,US,2024-10-24 00:00:00
221,ben.novak98@gmail.com,+18477066831,DE,2022-09-17 00:00:00
222,lea.silva23@globex.io,+18687694922,US,2025-05-15 00:00:00
223,hana.rossi20@initech.dev,+15836119661,FR,2025-04-13 00:00:00
224,eli.muller82@initech.dev,+12950765479,GB,2023-08-05 00:00:00
225,ivan.khan9@outlook.com,+19044769577,GB,2023-05-23 00:00:00
226,jo.okafor2@yahoo.com,+12964588907,US,2025-07-06 00:00:00
227,lea.novak35@acme-corp.com,+18796192404,GB,2025-06-15 00:00:00
228,gus.tanaka50@outlook.com,+15986922465,US,2025-05-23 00:00:00
229,chi.muller46@gmail.com,+18476710290,AU,2024-01-30 00:00:00
230,ivan.tanaka64@umbrella.co,+15117368401,BR,2025-09-01 00:00:00
231,jo.silva85@umbrella.co,+19888449929,US,2025-08-28 00:00:00
232,eli.novak43@outlook.com,+17978255525,CA,2023-09-25 00:00:00
233,ivan.novak54@yahoo.com,+15108236129,CA,2024-01-20 00:00:00
234,dev.dubois15@yahoo.com,+19022325102,FR,2024-03-21 00:00:00
235,ivan.novak80@yahoo.com,+15035724345,US,2026-03-10 00:00:00
236,kai.tanaka15@initech.dev,+16920153655,DE,2024-05-30 00:00:00
237,ben.tanaka60@outlook.com,+16896058471,US,2023-01-11 00:00:00
238,dev.dubois82@outlook.com,+12864446973,FR,2023-01-29 00:00:00
239,dev.rossi16@gmail.com,+16575490462,DE,2024-10-20 00:00:00
240,eli.park17@acme-corp.com,+16227117104,CA,2024-12-20 00:00:00
