order_id,customer_id,amount,status,created_at
1,61,48.03,refunded,2025-05-27 00:00:00
2,188,89.13,shipped,2025-05-27 00:00:00
3,42,127.49,cancelled,2025-05-29 00:00:00
4,74,28.2,cancelled,2025-06-01 00:00:00
5,142,13.76,cancelled,2025-06-02 00:00:00
6,182,31.08,shipped,2025-06-02 00:00:00
7,42,23.25,refunded,2025-06-02 00:00:00
8,30,12.74,shipped,2025-06-03 00:00:00
9,77,39.01,shipped,2025-06-03 00:00:00
10,182,48.49,shipped,2025-06-04 00:00:00
11,31,129.19,shipped,2025-06-04 00:00:00
12,198,37.89,shipped,2025-06-05 00:00:00
13,50,13.38,refunded,2025-06-05 00:00:00
14,145,29.41,placed,2025-06-06 00:00:00
15,236,29.93,shipped,2025-06-06 00:00:00
16,23,12.82,refunded,2025-06-07 00:00:00
17,195,74.93,shipped,2025-06-08 00:00:00
18,170,92.46,cancelled,2025-06-09 00:00:00
19,160,27.15,refunded,2025-06-10 00:00:00
20,100,46.35,shipped,2025-06-11 00:00:00
21,145,17.54,placed,2025-06-11 00:00:00
22,59,26.63,refunded,2025-06-11 00:00:00
23,90,75.69,shipped,2025-06-14 00:00:00
24,234,52.07,shipped,2025-06-15 00:00:00
25,77,24.42,shipped,2025-06-15 00:00:00
26,143,39.66,cancelled,2025-06-16 00:00:00
27,50,26.36,shipped,2025-06-17 00:00:00
28,143,15.53,cancelled,2025-06-17 00:00:00
29,225,90.07,shipped,2025-06-18 00:00:00
30,79,65.21,cancelled,2025-06-18 00:00:00
31,59,91.12,cancelled,2025-06-18 00:00:00
32,7,36.74,shipped,2025-06-18 00:00:00
33,95,56.8,cancelled,2025-06-18 00:00:00
34,211,19.56,shipped,2025-06-19 00:00:00
35,216,79.61,shipped,2025-06-19 00:00:00
36,152,124.59,shipped,2025-06-19 00:00:00
37,152,10.07,cancelled,2025-06-20 00:00:00
38,190,55.1,placed,2025-06-21 00:00:00
39,211,89.67,placed,2025-06-21 00:00:00
40,216,57.1,shipped,2025-06-22 00:00:00
41,96,162.57,shipped,2025-06-22 00:00:00
42,37,156.85,shipped,2025-06-24 00:00:00
43,61,81.59,shipped,2025-06-26 00:00:00
44,188,24.14,refunded,2025-06-26 00:00:00
45,23,40.44,refunded,2025-06-26 00:00:00
46,23,41.59,shipped,2025-06-28 00:00:00
47,94,44.74,shipped,2025-06-29 00:00:00
48,79,13.29,shipped,2025-07-01 00:00:00
49,42,121.04,shipped,2025-07-01 00:00:00
50,92,60.18,shipped,2025-07-02 00:00:00
51,50,69.78,refunded,2025-07-03 00:00:00
52,59,35.73,placed,2025-07-03 00:00:00
53,35,62.44,shipped,2025-07-04 00:00:00
54,152,48.9,cancelled,2025-07-04 00:00:00
55,37,13.67,shipped,2025-07-04 00:00:00
56,170,48.92,cancelled,2025-07-05 00:00:00
57,24,86.0,shipped,2025-07-05 00:00:00
58,79,174.51,shipped,2025-07-06 00:00:00
59,143,30.62,shipped,2025-07-06 00:00:00
60,92,79.51,cancelled,2025-07-06 00:00:00
61,88,191.27,refunded,2025-07-07 00:00:00
62,137,29.08,cancelled,2025-07-12 00:00:00
63,174,66.2,shipped,2025-07-13 00:00:00
64,7,74.46,shipped,2025-07-14 00:00:00
65,77,53.97,shipped,2025-07-15 00:00:00
66,50,22.17,placed,2025-07-16 00:00:00
67,177,29.55,shipped,2025-07-17 00:00:00
68,103,90.26,shipped,2025-07-17 00:00:00
69,61,39.38,shipped,2025-07-18 00:00:00
70,160,56.4,shipped,2025-07-19 00:00:00
71,79,71.95,shipped,2025-07-19 00:00:00
72,125,100.13,shipped,2025-07-19 00:00:00
73,225,18.64,refunded,2025-07-20 00:00:00
74,90,50.34,refunded,2025-07-21 00:00:00
75,90,16.15,shipped,2025-07-21 00:00:00
76,239,26.53,shipped,2025-07-22 00:00:00
77,179,25.26,shipped,2025-07-22 00:00:00
78,31,50.53,shipped,2025-07-24 00:00:00
79,174,58.33,shipped,2025-07-25 00:00:00
80,182,85.98,shipped,2025-07-25 00:00:00
81,100,26.56,refunded,2025-07-26 00:00:00
82,236,38.43,shipped,2025-07-30 00:00:00
83,188,41.42,shipped,2025-08-02 00:00:00
84,5,138.3,shipped,2025-08-02 00:00:00
85,182,64.29,shipped,2025-08-02 00:00:00
86,94,70.84,refunded,2025-08-03 00:00:00
87,122,39.87,shipped,2025-08-08 00:00:00
88,61,59.75,placed,2025-08-09 00:00:00
89,30,25.53,placed,2025-08-10 00:00:00
90,50,61.04,shipped,2025-08-10 00:00:00
91,176,42.58,shipped,2025-08-10 00:00:00
92,188,32.61,shipped,2025-08-11 00:00:00
93,30,38.89,shipped,2025-08-11 00:00:00
94,37,66.66,shipped,2025-08-12 00:00:00
95,163,80.28,cancelled,2025-08-12 00:00:00
96,77,69.29,shipped,2025-08-13 00:00:00
97,174,46.06,shipped,2025-08-14 00:00:00
98,127,20.5,refunded,2025-08-15 00:00:00
99,23,21.34,shipped,2025-08-16 00:00:00
100,74,44.79,shipped,2025-08-17 00:00:00
101,64,20.46,placed,2025-08-18 00:00:00
102,64,18.46,shipped,2025-08-18 00:00:00
103,37,46.68,shipped,2025-08-19 00:00:00
104,94,136.42,shipped,2025-08-20 00:00:00
105,96,59.83,shipped,2025-08-24 00:00:00
106,64,101.32,shipped,2025-08-25 00:00:00
107,50,16.47,refunded,2025-08-25 00:00:00
108,112,54.67,shipped,2025-08-26 00:00:00
109,74,30.95,refunded,2025-08-27 00:00:00
110,92,92.16,shipped,2025-08-30 00:00:00
111,188,24.84,shipped,2025-08-30 00:00:00
112,177,34.73,shipped,2025-09-01 00:00:00
113,98,125.02,shipped,2025-09-01 00:00:00
114,77,75.92,placed,2025-09-01 00:00:00
115,239,46.7,refunded,2025-09-03 00:00:00
116,127,35.85,refunded,2025-09-03 00:00:00
117,37,9.76,cancelled,2025-09-03 00:00:00
118,176,100.64,shipped,2025-09-04 00:00:00
119,142,50.98,refunded,2025-09-05 00:00:00
120,42,21.2,shipped,2025-09-05 00:00:00
121,236,30.47,shipped,2025-09-06 00:00:00
122,190,54.96,shipped,2025-09-07 00:00:00
123,74,59.44,cancelled,2025-09-08 00:00:00
124,216,158.68,cancelled,2025-09-09 00:00:00
125,79,68.51,shipped,2025-09-09 00:00:00
126,216,102.02,shipped,2025-09-10 00:00:00
127,92,24.82,refunded,2025-09-11 00:00:00
128,96,61.46,shipped,2025-09-11 00:00:00
129,77,187.91,shipped,2025-09-12 00:00:00
130,125,258.77,shipped,2025-09-13 00:00:00
131,100,95.62,refunded,2025-09-14 00:00:00
132,216,15.86,shipped,2025-09-14 00:00:00
133,198,21.18,shipped,2025-09-15 00:00:00
134,122,57.55,shipped,2025-09-15 00:00:00
135,122,35.04,placed,2025-09-16 00:00:00
136,137,320.77,shipped,2025-09-18 00:00:00
137,31,77.92,cancelled,2025-09-20 00:00:00
138,31,77.05,shipped,2025-09-20 00:00:00
139,155,86.19,placed,2025-09-22 00:00:00
140,92,69.37,placed,2025-09-22 00:00:00
141,96,43.99,shipped,2025-09-23 00:00:00
142,234,37.58,shipped,2025-09-23 00:00:00
143,86,78.62,shipped,2025-09-23 00:00:00
144,236,80.55,shipped,2025-09-24 00:00:00
145,112,9.6,cancelled,2025-09-24 00:00:00
146,85,210.92,placed,2025-09-26 00:00:00
147,137,31.17,placed,2025-09-28 00:00:00
148,77,20.07,shipped,2025-10-01 00:00:00
149,103,14.24,cancelled,2025-10-01 00:00:00
150,5,94.36,placed,2025-10-02 00:00:00
151,157,49.68,cancelled,2025-10-02 00:00:00
152,137,20.14,refunded,2025-10-04 00:00:00
153,23,106.03,shipped,2025-10-04 00:00:00
154,227,19.36,shipped,2025-10-05 00:00:00
155,142,26.31,refunded,2025-10-07 00:00:00
156,103,200.36,shipped,2025-10-09 00:00:00
157,98,39.59,shipped,2025-10-13 00:00:00
158,92,71.36,shipped,2025-10-14 00:00:00
159,72,152.34,shipped,2025-10-14 00:00:00
160,199,33.77,shipped,2025-10-15 00:00:00
161,77,82.95,shipped,2025-10-15 00:00:00
162,7,103.2,cancelled,2025-10-15 00:00:00
163,74,30.41,placed,2025-10-16 00:00:00
164,59,21.9,shipped,2025-10-16 00:00:00
165,61,23.24,shipped,2025-10-16 00:00:00
166,176,60.48,shipped,2025-10-17 00:00:00
167,5,44.29,placed,2025-10-18 00:00:00
168,88,78.35,shipped,2025-10-18 00:00:00
169,174,37.94,cancelled,2025-10-18 00:00:00
170,95,183.37,shipped,2025-10-20 00:00:00
171,94,15.31,refunded,2025-10-22 00:00:00
172,127,27.47,cancelled,2025-10-23 00:00:00
173,127,130.22,shipped,2025-10-23 00:00:00
174,137,46.58,shipped,2025-10-24 00:00:00
175,170,51.94,placed,2025-10-25 00:00:00
176,7,89.17,refunded,2025-10-26 00:00:00
177,85,11.59,refunded,2025-10-26 00:00:00
178,157,23.73,refunded,2025-10-27 00:00:00
179,35,17.31,shipped,2025-10-27 00:00:00
180,157,48.08,shipped,2025-10-27 00:00:00
181,239,41.73,refunded,2025-10-27 00:00:00
182,163,33.77,shipped,2025-10-28 00:00:00
183,127,34.88,placed,2025-10-29 00:00:00
184,24,55.63,shipped,2025-10-30 00:00:00
185,64,32.08,shipped,2025-10-31 00:00:00
186,227,47.86,refunded,2025-10-31 00:00:00
187,122,20.09,cancelled,2025-10-31 00:00:00
188,198,42.7,placed,2025-10-31 00:00:00
189,42,153.27,cancelled,2025-11-01 00:00:00
190,152,46.49,shipped,2025-11-01 00:00:00
191,112,80.23,shipped,2025-11-01 00:00:00
192,90,18.84,shipped,2025-11-01 00:00:00
193,35,87.5,placed,2025-11-02 00:00:00
194,160,72.02,shipped,2025-11-03 00:00:00
195,96,195.39,refunded,2025-11-04 00:00:00
196,188,47.37,cancelled,2025-11-06 00:00:00
197,155,75.32,shipped,2025-11-06 00:00:00
198,79,89.61,placed,2025-11-07 00:00:00
199,72,63.03,shipped,2025-11-07 00:00:00
200,31,31.98,refunded,2025-11-08 00:00:00
201,95,68.39,placed,2025-11-08 00:00:00
202,98,149.95,shipped,2025-11-11 00:00:00
203,152,15.93,refunded,2025-11-12 00:00:00
204,77,15.58,shipped,2025-11-12 00:00:00
205,30,99.75,shipped,2025-11-13 00:00:00
206,174,147.15,shipped,2025-11-13 00:00:00
207,24,57.68,placed,2025-11-13 00:00:00
208,50,34.64,shipped,2025-11-13 00:00:00
209,198,28.89,placed,2025-11-15 00:00:00
210,163,170.98,shipped,2025-11-16 00:00:00
211,211,24.54,shipped,2025-11-17 00:00:00
212,160,59.81,shipped,2025-11-17 00:00:00
213,188,55.92,shipped,2025-11-18 00:00:00
214,216,15.42,shipped,2025-11-19 00:00:00
215,24,21.34,refunded,2025-11-19 00:00:00
216,145,26.15,shipped,2025-11-21 00:00:00
217,77,17.01,shipped,2025-11-21 00:00:00
218,170,48.7,shipped,2025-11-26 00:00:00
219,190,51.64,shipped,2025-11-27 00:00:00
220,160,19.16,placed,2025-11-29 00:00:00
221,96,42.08,shipped,2025-11-30 00:00:00
222,90,38.16,refunded,2025-12-02 00:00:00
223,103,45.62,shipped,2025-12-03 00:00:00
224,227,76.59,refunded,2025-12-05 00:00:00
225,23,46.0,shipped,2025-12-07 00:00:00
226,163,40.64,shipped,2025-12-08 00:00:00
227,64,67.37,shipped,2025-12-08 00:00:00
228,96,85.68,shipped,2025-12-11 00:00:00
229,94,143.97,cancelled,2025-12-11 00:00:00
230,94,154.93,shipped,2025-12-11 00:00:00
231,98,174.57,shipped,2025-12-12 00:00:00
232,95,43.71,shipped,2025-12-12 00:00:00
233,9,52.72,shipped,2025-12-13 00:00:00
234,233,161.55,cancelled,2025-12-13 00:00:00
235,226,26.26,cancelled,2025-12-13 00:00:00
236,56,38.02,shipped,2025-12-13 00:00:00
237,231,66.26,placed,2025-12-13 00:00:00
238,111,50.03,refunded,2025-12-13 00:00:00
239,90,58.04,shipped,2025-12-13 00:00:00
240,155,54.99,placed,2025-12-13 00:00:00
241,155,45.25,shipped,2025-12-13 00:00:00
242,63,64.29,shipped,2025-12-14 00:00:00
243,49,182.09,shipped,2025-12-14 00:00:00
244,185,85.68,cancelled,2025-12-14 00:00:00
245,221,81.91,cancelled,2025-12-14 00:00:00
246,201,27.54,shipped,2025-12-14 00:00:00
247,226,41.47,shipped,2025-12-14 00:00:00
248,57,39.69,shipped,2025-12-14 00:00:00
249,123,78.29,cancelled,2025-12-14 00:00:00
250,94,67.08,cancelled,2025-12-14 00:00:00
251,182,31.52,placed,2025-12-14 00:00:00
252,127,47.72,shipped,2025-12-15 00:00:00
253,160,42.32,shipped,2025-12-15 00:00:00
254,212,49.9,placed,2025-12-15 00:00:00
255,233,34.58,refunded,2025-12-15 00:00:00
256,225,52.03,cancelled,2025-12-15 00:00:00
257,52,47.61,refunded,2025-12-15 00:00:00
258,158,31.04,shipped,2025-12-15 00:00:00
259,172,28.18,shipped,2025-12-15 00:00:00
260,52,69.94,shipped,2025-12-16 00:00:00
261,89,36.47,shipped,2025-12-16 00:00:00
262,231,42.8,cancelled,2025-12-16 00:00:00
263,89,207.58,refunded,2025-12-16 00:00:00
264,153,165.14,cancelled,2025-12-16 00:00:00
265,154,243.22,cancelled,2025-12-16 00:00:00
266,140,27.11,shipped,2025-12-16 00:00:00
267,146,20.05,shipped,2025-12-16 00:00:00
268,90,30.94,shipped,2025-12-17 00:00:00
269,223,151.13,refunded,2025-12-17 00:00:00
270,39,30.4,refunded,2025-12-17 00:00:00
271,213,110.2,shipped,2025-12-17 00:00:00
272,52,8.7,placed,2025-12-17 00:00:00
273,215,26.53,shipped,2025-12-18 00:00:00
274,56,51.05,shipped,2025-12-18 00:00:00
275,100,33.21,shipped,2025-12-18 00:00:00
276,164,147.77,shipped,2025-12-18 00:00:00
277,137,121.68,shipped,2025-12-18 00:00:00
278,165,75.36,shipped,2025-12-18 00:00:00
279,230,31.65,shipped,2025-12-18 00:00:00
280,107,49.9,shipped,2025-12-18 00:00:00
281,53,116.18,refunded,2025-12-19 00:00:00
282,26,22.13,cancelled,2025-12-19 00:00:00
283,76,24.93,cancelled,2025-12-19 00:00:00
284,153,58.15,shipped,2025-12-19 00:00:00
285,91,91.17,placed,2025-12-19 00:00:00
286,129,39.3,refunded,2025-12-20 00:00:00
287,135,116.18,shipped,2025-12-20 00:00:00
288,180,60.58,placed,2025-12-21 00:00:00
289,3,24.95,shipped,2025-12-21 00:00:00
290,53,63.35,cancelled,2025-12-21 00:00:00
291,185,14.09,cancelled,2025-12-21 00:00:00
292,239,56.13,shipped,2025-12-22 00:00:00
293,28,80.78,cancelled,2025-12-22 00:00:00
294,13,52.64,shipped,2025-12-22 00:00:00
295,10,19.43,placed,2025-12-23 00:00:00
296,188,82.12,shipped,2025-12-23 00:00:00
297,136,45.73,shipped,2025-12-23 00:00:00
298,46,17.63,placed,2025-12-23 00:00:00
299,13,26.94,shipped,2025-12-23 00:00:00
300,121,19.74,shipped,2025-12-23 00:00:00
301,222,89.49,cancelled,2025-12-23 00:00:00
302,125,57.59,shipped,2025-12-24 00:00:00
303,129,13.38,placed,2025-12-24 00:00:00
304,101,52.65,shipped,2025-12-24 00:00:00
305,40,200.76,placed,2025-12-24 00:00:00
306,201,80.96,placed,2025-12-24 00:00:00
307,201,69.27,placed,2025-12-24 00:00:00
308,167,68.96,cancelled,2025-12-24 00:00:00
309,144,63.51,shipped,2025-12-25 00:00:00
310,169,28.65,shipped,2025-12-26 00:00:00
311,196,153.99,cancelled,2025-12-26 00:00:00
312,9,57.84,cancelled,2025-12-26 00:00:00
313,215,85.71,shipped,2025-12-26 00:00:00
314,199,24.71,cancelled,2025-12-26 00:00:00
315,180,35.56,refunded,2025-12-26 00:00:00
316,192,57.09,shipped,2025-12-26 00:00:00
317,156,60.79,shipped,2025-12-26 00:00:00
318,103,38.62,refunded,2025-12-26 00:00:00
319,69,39.22,cancelled,2025-12-27 00:00:00
320,157,111.07,refunded,2025-12-27 00:00:00
321,197,109.79,cancelled,2025-12-27 00:00:00
322,126,113.2,shipped,2025-12-27 00:00:00
323,155,20.76,cancelled,2025-12-27 00:00:00
324,121,40.66,shipped,2025-12-27 00:00:00
325,169,46.19,shipped,2025-12-28 00:00:00
326,232,132.88,shipped,2025-12-28 00:00:00
327,212,70.66,shipped,2025-12-28 00:00:00
328,225,34.26,shipped,2025-12-28 00:00:00
329,237,153.53,shipped,2025-12-28 00:00:00
330,238,142.28,shipped,2025-12-28 00:00:00
331,139,106.68,refunded,2025-12-29 00:00:00
332,165,48.42,shipped,2025-12-29 00:00:00
333,27,31.52,shipped,2025-12-29 00:00:00
334,178,108.79,shipped,2025-12-29 00:00:00
335,25,62.15,placed,2025-12-29 00:00:00
336,221,19.01,placed,2025-12-29 00:00:00
337,238,42.68,refunded,2025-12-29 00:00:00
338,78,66.45,shipped,2025-12-29 00:00:00
339,29,181.18,shipped,2025-12-29 00:00:00
340,62,22.18,placed,2025-12-30 00:00:00
341,187,79.48,refunded,2025-12-30 00:00:00
342,80,47.14,shipped,2025-12-30 00:00:00
343,20,28.59,cancelled,2025-12-30 00:00:00
344,232,42.97,shipped,2025-12-30 00:00:00
345,19,41.46,refunded,2025-12-30 00:00:00
346,44,31.49,shipped,2025-12-31 00:00:00
347,232,64.05,shipped,2025-12-31 00:00:00
348,44,20.26,shipped,2025-12-31 00:00:00
349,229,108.99,refunded,2025-12-31 00:00:00
350,133,67.13,placed,2025-12-31 00:00:00
351,148,49.41,refunded,2025-12-31 00:00:00
352,137,113.95,placed,2026-01-01 00:00:00
353,34,51.87,cancelled,2026-01-01 00:00:00
354,228,49.18,cancelled,2026-01-01 00:00:00
355,64,32.72,shipped,2026-01-01 00:00:00
356,53,24.39,shipped,2026-01-02 00:00:00
357,230,16.82,shipped,2026-01-02 00:00:00
358,186,98.29,refunded,2026-01-02 00:00:00
359,77,36.56,shipped,2026-01-02 00:00:00
360,114,161.23,shipped,2026-01-02 00:00:00
361,139,44.78,shipped,2026-01-02 00:00:00
362,58,44.25,shipped,2026-01-02 00:00:00
363,63,29.87,cancelled,2026-01-02 00:00:00
364,231,41.36,placed,2026-01-03 00:00:00
365,85,50.92,shipped,2026-01-03 00:00:00
366,69,26.96,shipped,2026-01-03 00:00:00
367,79,160.4,placed,2026-01-03 00:00:00
368,194,61.25,shipped,2026-01-03 00:00:00
369,73,19.66,refunded,2026-01-03 00:00:00
370,192,47.32,cancelled,2026-01-04 00:00:00
371,5,60.92,placed,2026-01-04 00:00:00
372,176,14.56,shipped,2026-01-04 00:00:00
373,34,71.02,refunded,2026-01-04 00:00:00
374,130,26.35,shipped,2026-01-04 00:00:00
375,158,54.55,placed,2026-01-04 00:00:00
376,124,23.44,placed,2026-01-04 00:00:00
377,54,42.47,refunded,2026-01-04 00:00:00
378,205,31.3,shipped,2026-01-05 00:00:00
379,101,56.58,shipped,2026-01-05 00:00:00
380,26,91.03,shipped,2026-01-05 00:00:00
381,234,12.4,refunded,2026-01-05 00:00:00
382,146,29.98,shipped,2026-01-05 00:00:00
383,180,90.85,shipped,2026-01-06 00:00:00
384,2,59.42,shipped,2026-01-06 00:00:00
385,96,37.7,cancelled,2026-01-06 00:00:00
386,143,55.07,cancelled,2026-01-06 00:00:00
387,51,41.19,shipped,2026-01-06 00:00:00
388,26,38.75,shipped,2026-01-06 00:00:00
389,78,42.91,shipped,2026-01-06 00:00:00
390,174,82.05,shipped,2026-01-06 00:00:00
391,163,21.25,cancelled,2026-01-06 00:00:00
392,143,36.27,refunded,2026-01-06 00:00:00
393,212,111.95,shipped,2026-01-07 00:00:00
394,47,73.53,shipped,2026-01-07 00:00:00
395,193,37.91,cancelled,2026-01-07 00:00:00
396,167,212.02,shipped,2026-01-07 00:00:00
397,109,20.87,shipped,2026-01-07 00:00:00
398,212,91.25,shipped,2026-01-07 00:00:00
399,151,184.95,shipped,2026-01-08 00:00:00
400,63,27.82,placed,2026-01-08 00:00:00
401,228,43.54,refunded,2026-01-08 00:00:00
402,176,107.99,shipped,2026-01-08 00:00:00
403,101,36.54,refunded,2026-01-09 00:00:00
404,136,85.19,shipped,2026-01-09 00:00:00
405,146,35.27,refunded,2026-01-09 00:00:00
406,26,34.51,shipped,2026-01-09 00:00:00
407,115,29.41,refunded,2026-01-09 00:00:00
408,51,23.31,shipped,2026-01-09 00:00:00
409,213,55.7,shipped,2026-01-10 00:00:00
410,55,100.65,shipped,2026-01-10 00:00:00
411,124,22.18,refunded,2026-01-10 00:00:00
412,60,42.87,refunded,2026-01-10 00:00:00
413,158,160.32,shipped,2026-01-10 00:00:00
414,213,113.4,shipped,2026-01-10 00:00:00
415,63,44.34,shipped,2026-01-10 00:00:00
416,6,88.88,cancelled,2026-01-11 00:00:00
417,201,220.91,shipped,2026-01-11 00:00:00
418,27,22.12,cancelled,2026-01-11 00:00:00
419,43,18.15,shipped,2026-01-11 00:00:00
420,239,33.1,placed,2026-01-11 00:00:00
421,67,49.95,shipped,2026-01-11 00:00:00
422,192,24.72,shipped,2026-01-11 00:00:00
423,134,34.92,refunded,2026-01-12 00:00:00
424,123,30.21,shipped,2026-01-12 00:00:00
425,223,28.51,placed,2026-01-12 00:00:00
426,130,30.31,refunded,2026-01-12 00:00:00
427,28,101.57,shipped,2026-01-12 00:00:00
428,231,67.6,shipped,2026-01-12 00:00:00
429,209,109.72,shipped,2026-01-12 00:00:00
430,11,34.44,placed,2026-01-12 00:00:00
431,121,97.26,cancelled,2026-01-12 00:00:00
432,154,62.58,cancelled,2026-01-13 00:00:00
433,143,18.92,refunded,2026-01-13 00:00:00
434,208,30.0,cancelled,2026-01-13 00:00:00
435,59,92.04,cancelled,2026-01-13 00:00:00
436,207,60.51,shipped,2026-01-13 00:00:00
437,27,58.25,shipped,2026-01-13 00:00:00
438,192,100.79,shipped,2026-01-13 00:00:00
439,96,78.72,shipped,2026-01-14 00:00:00
440,190,45.32,placed,2026-01-14 00:00:00
441,162,24.93,refunded,2026-01-15 00:00:00
442,146,73.58,shipped,2026-01-15 00:00:00
443,226,41.89,cancelled,2026-01-15 00:00:00
444,237,110.52,placed,2026-01-15 00:00:00
445,82,70.01,shipped,2026-01-15 00:00:00
446,132,24.71,shipped,2026-01-15 00:00:00
447,215,60.14,placed,2026-01-16 00:00:00
448,88,22.41,placed,2026-01-16 00:00:00
449,52,47.74,shipped,2026-01-16 00:00:00
450,40,50.76,shipped,2026-01-16 00:00:00
451,162,32.94,shipped,2026-01-16 00:00:00
452,236,135.49,shipped,2026-01-16 00:00:00
453,187,14.93,shipped,2026-01-17 00:00:00
454,15,137.5,placed,2026-01-17 00:00:00
455,149,54.33,shipped,2026-01-17 00:00:00
456,39,60.44,placed,2026-01-17 00:00:00
457,25,52.08,shipped,2026-01-17 00:00:00
458,56,18.26,shipped,2026-01-17 00:00:00
459,76,55.28,shipped,2026-01-17 00:00:00
460,25,6.48,shipped,2026-01-17 00:00:00
461,195,136.54,shipped,2026-01-18 00:00:00
462,126,80.88,shipped,2026-01-18 00:00:00
463,56,72.73,refunded,2026-01-18 00:00:00
464,121,150.31,placed,2026-01-18 00:00:00
465,154,17.69,shipped,2026-01-18 00:00:00
466,209,117.72,refunded,2026-01-18 00:00:00
467,150,73.62,refunded,2026-01-18 00:00:00
468,206,71.38,shipped,2026-01-18 00:00:00
469,200,36.95,cancelled,2026-01-18 00:00:00
470,225,60.02,shipped,2026-01-19 00:00:00
471,41,59.13,cancelled,2026-01-19 00:00:00
472,3,28.03,shipped,2026-01-19 00:00:00
473,40,24.16,shipped,2026-01-19 00:00:00
474,116,52.67,cancelled,2026-01-19 00:00:00
475,98,50.41,shipped,2026-01-20 00:00:00
476,229,65.42,shipped,2026-01-20 00:00:00
477,22,40.18,refunded,2026-01-20 00:00:00
478,55,46.32,shipped,2026-01-20 00:00:00
479,2,31.39,shipped,2026-01-20 00:00:00
480,225,52.24,shipped,2026-01-20 00:00:00
481,223,59.94,shipped,2026-01-21 00:00:00
482,132,6.77,shipped,2026-01-21 00:00:00
483,49,27.91,shipped,2026-01-21 00:00:00
484,46,45.75,shipped,2026-01-21 00:00:00
485,186,83.63,placed,2026-01-21 00:00:00
486,71,31.92,shipped,2026-01-21 00:00:00
487,39,36.83,shipped,2026-01-21 00:00:00
488,6,38.5,placed,2026-01-21 00:00:00
489,116,59.59,shipped,2026-01-21 00:00:00
490,143,241.97,placed,2026-01-21 00:00:00
491,236,46.71,shipped,2026-01-21 00:00:00
492,83,105.66,cancelled,2026-01-22 00:00:00
493,235,54.68,refunded,2026-01-22 00:00:00
494,62,36.86,shipped,2026-01-22 00:00:00
495,174,21.22,shipped,2026-01-22 00:00:00
496,176,237.45,shipped,2026-01-23 00:00:00
497,140,13.33,shipped,2026-01-23 00:00:00
498,131,27.7,shipped,2026-01-23 00:00:00
499,30,41.25,shipped,2026-01-23 00:00:00
500,80,98.73,refunded,2026-01-23 00:00:00
501,189,74.71,cancelled,2026-01-23 00:00:00
502,91,92.77,refunded,2026-01-23 00:00:00
503,128,69.98,shipped,2026-01-23 00:00:00
504,65,76.06,placed,2026-01-23 00:00:00
505,17,80.36,shipped,2026-01-24 00:00:00
506,37,17.67,shipped,2026-01-24 00:00:00
507,6,38.23,placed,2026-01-24 00:00:00
508,40,104.26,shipped,2026-01-24 00:00:00
509,67,57.27,shipped,2026-01-24 00:00:00
510,162,153.58,shipped,2026-01-24 00:00:00
511,189,149.25,shipped,2026-01-24 00:00:00
512,62,48.98,placed,2026-01-24 00:00:00
513,40,39.61,shipped,2026-01-24 00:00:00
514,142,37.81,cancelled,2026-01-24 00:00:00
515,203,48.82,refunded,2026-01-25 00:00:00
516,13,27.96,cancelled,2026-01-25 00:00:00
517,91,24.99,shipped,2026-01-25 00:00:00
518,134,119.03,shipped,2026-01-25 00:00:00
519,89,21.21,placed,2026-01-25 00:00:00
520,32,22.13,shipped,2026-01-25 00:00:00
521,11,28.43,shipped,2026-01-25 00:00:00
522,38,32.46,shipped,2026-01-25 00:00:00
523,113,29.61,shipped,2026-01-25 00:00:00
524,196,27.73,shipped,2026-01-25 00:00:00
525,80,92.04,shipped,2026-01-25 00:00:00
526,204,48.23,placed,2026-01-26 00:00:00
527,45,24.46,refunded,2026-01-26 00:00:00
528,218,136.91,placed,2026-01-26 00:00:00
529,192,71.62,cancelled,2026-01-26 00:00:00
530,227,124.43,shipped,2026-01-27 00:00:00
531,109,5.55,refunded,2026-01-27 00:00:00
532,31,45.83,shipped,2026-01-27 00:00:00
533,100,39.96,shipped,2026-01-27 00:00:00
534,184,156.36,shipped,2026-01-27 00:00:00
535,219,53.31,placed,2026-01-27 00:00:00
536,91,10.64,shipped,2026-01-27 00:00:00
537,143,31.99,shipped,2026-01-27 00:00:00
538,129,54.72,shipped,2026-01-27 00:00:00
539,76,56.18,shipped,2026-01-27 00:00:00
540,20,22.46,placed,2026-01-27 00:00:00
541,65,74.83,refunded,2026-01-27 00:00:00
542,142,42.81,shipped,2026-01-28 00:00:00
543,17,80.81,refunded,2026-01-28 00:00:00
544,36,82.28,shipped,2026-01-28 00:00:00
545,233,42.19,placed,2026-01-28 00:00:00
546,176,24.86,shipped,2026-01-28 00:00:00
547,125,35.83,refunded,2026-01-28 00:00:00
548,46,18.86,shipped,2026-01-28 00:00:00
549,12,79.89,shipped,2026-01-29 00:00:00
550,9,48.85,refunded,2026-01-29 00:00:00
551,173,62.06,shipped,2026-01-29 00:00:00
552,222,61.29,shipped,2026-01-29 00:00:00
553,49,38.43,shipped,2026-01-29 00:00:00
554,160,60.9,placed,2026-01-29 00:00:00
555,172,23.86,shipped,2026-01-29 00:00:00
556,12,51.74,refunded,2026-01-29 00:00:00
557,208,18.49,shipped,2026-01-29 00:00:00
558,27,16.25,shipped,2026-01-29 00:00:00
559,191,215.75,shipped,2026-01-29 00:00:00
560,55,29.33,shipped,2026-01-30 00:00:00
561,179,43.32,shipped,2026-01-30 00:00:00
562,193,28.4,shipped,2026-01-30 00:00:00
563,146,30.88,refunded,2026-01-30 00:00:00
564,156,30.75,shipped,2026-01-30 00:00:00
565,94,26.45,refunded,2026-01-30 00:00:00
566,70,38.29,shipped,2026-01-30 00:00:00
567,190,25.78,shipped,2026-01-31 00:00:00
568,14,84.26,shipped,2026-01-31 00:00:00
569,111,115.73,shipped,2026-01-31 00:00:00
570,127,102.58,placed,2026-01-31 00:00:00
571,81,95.15,cancelled,2026-01-31 00:00:00
572,42,63.51,shipped,2026-01-31 00:00:00
573,45,23.61,shipped,2026-01-31 00:00:00
574,200,30.33,shipped,2026-02-01 00:00:00
575,162,58.29,shipped,2026-02-01 00:00:00
576,194,31.13,cancelled,2026-02-01 00:00:00
577,149,222.99,shipped,2026-02-01 00:00:00
578,29,80.68,refunded,2026-02-01 00:00:00
579,155,149.12,shipped,2026-02-01 00:00:00
580,60,42.6,placed,2026-02-01 00:00:00
581,177,80.08,refunded,2026-02-01 00:00:00
582,71,27.99,cancelled,2026-02-02 00:00:00
583,112,53.6,cancelled,2026-02-02 00:00:00
584,147,38.21,shipped,2026-02-02 00:00:00
585,124,36.9,shipped,2026-02-02 00:00:00
586,222,64.79,shipped,2026-02-02 00:00:00
587,144,207.13,shipped,2026-02-03 00:00:00
588,6,153.98,shipped,2026-02-03 00:00:00
589,50,60.57,shipped,2026-02-03 00:00:00
590,237,43.39,cancelled,2026-02-03 00:00:00
591,166,61.51,placed,2026-02-03 00:00:00
592,79,37.69,shipped,2026-02-03 00:00:00
593,206,37.01,shipped,2026-02-03 00:00:00
594,55,29.13,shipped,2026-02-04 00:00:00
595,144,80.83,shipped,2026-02-04 00:00:00
596,90,215.59,shipped,2026-02-05 00:00:00
597,90,98.54,shipped,2026-02-05 00:00:00
598,49,94.66,shipped,2026-02-05 00:00:00
599,147,72.66,shipped,2026-02-06 00:00:00
600,162,15.33,shipped,2026-02-06 00:00:00
601,154,20.51,shipped,2026-02-06 00:00:00
602,207,31.78,placed,2026-02-06 00:00:00
603,165,96.43,shipped,2026-02-07 00:00:00
604,34,44.55,shipped,2026-02-07 00:00:00
605,109,97.11,refunded,2026-02-07 00:00:00
606,89,19.01,shipped,2026-02-07 00:00:00
607,139,92.9,refunded,2026-02-07 00:00:00
608,144,72.08,placed,2026-02-07 00:00:00
609,201,22.97,shipped,2026-02-08 00:00:00
610,105,120.48,refunded,2026-02-08 00:00:00
611,30,12.99,shipped,2026-02-08 00:00:00
612,11,90.32,shipped,2026-02-08 00:00:00
613,144,116.68,placed,2026-02-08 00:00:00
614,140,70.48,shipped,2026-02-09 00:00:00
615,109,69.69,shipped,2026-02-09 00:00:00
616,18,13.04,shipped,2026-02-09 00:00:00
617,158,43.67,shipped,2026-02-09 00:00:00
618,120,115.4,shipped,2026-02-09 00:00:00
619,212,78.78,cancelled,2026-02-09 00:00:00
620,140,87.3,placed,2026-02-09 00:00:00
621,35,25.9,placed,2026-02-10 00:00:00
622,109,98.98,shipped,2026-02-10 00:00:00
623,31,46.68,shipped,2026-02-10 00:00:00
624,93,22.41,shipped,2026-02-10 00:00:00
625,72,78.72,shipped,2026-02-10 00:00:00
626,55,15.74,shipped,2026-02-10 00:00:00
627,160,201.08,shipped,2026-02-10 00:00:00
628,134,49.14,cancelled,2026-02-11 00:00:00
629,135,88.82,shipped,2026-02-11 00:00:00
630,34,50.69,placed,2026-02-11 00:00:00
631,124,81.59,cancelled,2026-02-11 00:00:00
632,41,34.32,cancelled,2026-02-11 00:00:00
633,41,19.25,cancelled,2026-02-11 00:00:00
634,67,57.62,shipped,2026-02-11 00:00:00
635,146,12.83,shipped,2026-02-12 00:00:00
636,174,31.2,shipped,2026-02-12 00:00:00
637,76,69.02,shipped,2026-02-12 00:00:00
638,53,31.38,placed,2026-02-12 00:00:00
639,145,87.27,shipped,2026-02-12 00:00:00
640,206,83.93,shipped,2026-02-13 00:00:00
641,164,49.55,cancelled,2026-02-13 00:00:00
642,120,81.11,shipped,2026-02-13 00:00:00
643,171,46.43,shipped,2026-02-13 00:00:00
644,131,45.84,refunded,2026-02-13 00:00:00
645,115,45.42,shipped,2026-02-13 00:00:00
646,83,17.46,refunded,2026-02-13 00:00:00
647,116,40.99,placed,2026-02-13 00:00:00
648,137,91.03,refunded,2026-02-13 00:00:00
649,48,94.15,shipped,2026-02-14 00:00:00
650,52,87.43,shipped,2026-02-14 00:00:00
651,231,40.56,placed,2026-02-14 00:00:00
652,6,64.13,shipped,2026-02-14 00:00:00
653,222,50.26,placed,2026-02-14 00:00:00
654,146,116.93,placed,2026-02-15 00:00:00
655,175,67.03,shipped,2026-02-15 00:00:00
656,213,17.05,refunded,2026-02-15 00:00:00
657,233,14.8,shipped,2026-02-15 00:00:00
658,45,60.37,shipped,2026-02-15 00:00:00
659,105,18.61,shipped,2026-02-15 00:00:00
660,213,289.59,cancelled,2026-02-15 00:00:00
661,224,51.63,shipped,2026-02-15 00:00:00
662,67,88.64,cancelled,2026-02-15 00:00:00
663,151,82.77,shipped,2026-02-16 00:00:00
664,91,60.46,shipped,2026-02-16 00:00:00
665,134,65.8,shipped,2026-02-16 00:00:00
666,2,43.49,cancelled,2026-02-16 00:00:00
667,20,70.78,shipped,2026-02-16 00:00:00
668,81,91.82,placed,2026-02-16 00:00:00
669,102,109.65,refunded,2026-02-17 00:00:00
670,90,28.9,shipped,2026-02-17 00:00:00
671,211,69.5,cancelled,2026-02-17 00:00:00
672,67,73.15,shipped,2026-02-17 00:00:00
673,33,43.18,shipped,2026-02-18 00:00:00
674,219,61.13,cancelled,2026-02-18 00:00:00
675,49,38.09,shipped,2026-02-18 00:00:00
676,25,10.2,shipped,2026-02-18 00:00:00
677,204,182.24,shipped,2026-02-18 00:00:00
678,59,37.63,shipped,2026-02-18 00:00:00
679,176,54.06,shipped,2026-02-18 00:00:00
680,200,53.5,cancelled,2026-02-19 00:00:00
681,131,60.35,shipped,2026-02-19 00:00:00
682,207,8.91,shipped,2026-02-19 00:00:00
683,185,23.21,cancelled,2026-02-20 00:00:00
684,165,32.54,shipped,2026-02-20 00:00:00
685,152,17.62,placed,2026-02-20 00:00:00
686,92,67.88,placed,2026-02-20 00:00:00
687,48,69.69,placed,2026-02-20 00:00:00
688,203,49.41,shipped,2026-02-20 00:00:00
689,226,9.88,refunded,2026-02-21 00:00:00
690,237,29.75,refunded,2026-02-21 00:00:00
691,210,318.3,refunded,2026-02-21 00:00:00
692,32,67.21,shipped,2026-02-21 00:00:00
693,42,38.66,placed,2026-02-21 00:00:00
694,162,18.15,placed,2026-02-21 00:00:00
695,126,30.09,refunded,2026-02-21 00:00:00
696,94,57.46,shipped,2026-02-21 00:00:00
697,82,116.48,refunded,2026-02-21 00:00:00
698,209,92.54,placed,2026-02-21 00:00:00
699,194,31.19,shipped,2026-02-22 00:00:00
700,129,18.06,placed,2026-02-22 00:00:00
701,192,170.79,shipped,2026-02-22 00:00:00
702,129,23.17,cancelled,2026-02-22 00:00:00
703,240,54.59,shipped,2026-02-22 00:00:00
704,34,72.49,refunded,2026-02-22 00:00:00
705,86,55.67,shipped,2026-02-22 00:00:00
706,173,20.0,refunded,2026-02-22 00:00:00
707,126,108.68,shipped,2026-02-23 00:00:00
708,78,71.17,placed,2026-02-23 00:00:00
709,29,21.07,placed,2026-02-23 00:00:00
710,175,36.7,refunded,2026-02-23 00:00:00
711,226,110.61,shipped,2026-02-23 00:00:00
712,229,198.41,shipped,2026-02-23 00:00:00
713,209,8.9,shipped,2026-02-23 00:00:00
714,180,61.23,shipped,2026-02-23 00:00:00
715,21,57.48,refunded,2026-02-23 00:00:00
716,3,85.74,placed,2026-02-23 00:00:00
717,158,115.58,shipped,2026-02-24 00:00:00
718,207,124.19,shipped,2026-02-24 00:00:00
719,108,128.86,cancelled,2026-02-24 00:00:00
720,208,17.35,shipped,2026-02-24 00:00:00
721,118,50.43,shipped,2026-02-24 00:00:00
722,69,62.99,cancelled,2026-02-24 00:00:00
723,2,105.61,shipped,2026-02-24 00:00:00
724,148,22.47,cancelled,2026-02-24 00:00:00
725,31,116.82,cancelled,2026-02-24 00:00:00
726,148,13.65,shipped,2026-02-24 00:00:00
727,4,46.39,shipped,2026-02-24 00:00:00
728,98,67.33,placed,2026-02-25 00:00:00
729,84,34.31,cancelled,2026-02-25 00:00:00
730,89,78.58,shipped,2026-02-25 00:00:00
731,75,62.72,refunded,2026-02-25 00:00:00
732,134,30.34,refunded,2026-02-25 00:00:00
733,136,131.98,shipped,2026-02-25 00:00:00
734,165,202.9,shipped,2026-02-26 00:00:00
735,134,81.68,cancelled,2026-02-26 00:00:00
736,104,17.01,shipped,2026-02-26 00:00:00
737,197,39.8,shipped,2026-02-26 00:00:00
738,65,35.56,cancelled,2026-02-26 00:00:00
739,227,73.98,shipped,2026-02-27 00:00:00
740,234,15.83,shipped,2026-02-27 00:00:00
741,139,85.85,refunded,2026-02-27 00:00:00
742,121,58.69,shipped,2026-02-27 00:00:00
743,187,10.6,shipped,2026-02-27 00:00:00
744,60,29.79,shipped,2026-02-28 00:00:00
745,13,57.4,shipped,2026-02-28 00:00:00
746,120,80.11,cancelled,2026-02-28 00:00:00
747,39,106.24,placed,2026-02-28 00:00:00
748,151,88.03,shipped,2026-02-28 00:00:00
749,207,145.17,shipped,2026-02-28 00:00:00
750,164,47.65,placed,2026-02-28 00:00:00
751,206,77.57,refunded,2026-03-01 00:00:00
752,211,55.13,shipped,2026-03-01 00:00:00
753,23,34.9,shipped,2026-03-01 00:00:00
754,223,103.35,shipped,2026-03-01 00:00:00
755,168,85.61,placed,2026-03-01 00:00:00
756,150,112.74,placed,2026-03-01 00:00:00
757,42,40.36,shipped,2026-03-01 00:00:00
758,91,28.63,refunded,2026-03-02 00:00:00
759,238,39.15,cancelled,2026-03-02 00:00:00
760,189,34.38,refunded,2026-03-02 00:00:00
761,226,58.05,cancelled,2026-03-02 00:00:00
762,166,42.41,shipped,2026-03-02 00:00:00
763,35,89.61,shipped,2026-03-02 00:00:00
764,187,53.78,refunded,2026-03-02 00:00:00
765,44,37.93,shipped,2026-03-02 00:00:00
766,206,51.25,cancelled,2026-03-03 00:00:00
767,90,21.49,refunded,2026-03-03 00:00:00
768,56,35.0,refunded,2026-03-03 00:00:00
769,2,11.19,cancelled,2026-03-03 00:00:00
770,71,21.13,shipped,2026-03-03 00:00:00
771,29,10.1,refunded,2026-03-03 00:00:00
772,48,537.43,shipped,2026-03-04 00:00:00
773,16,35.49,cancelled,2026-03-04 00:00:00
774,15,35.57,placed,2026-03-04 00:00:00
775,51,199.76,placed,2026-03-04 00:00:00
776,104,32.87,placed,2026-03-04 00:00:00
777,124,56.78,refunded,2026-03-04 00:00:00
778,129,26.82,refunded,2026-03-04 00:00:00
779,53,9.73,shipped,2026-03-05 00:00:00
780,177,70.55,placed,2026-03-06 00:00:00
781,232,57.63,cancelled,2026-03-06 00:00:00
782,86,44.14,placed,2026-03-06 00:00:00
783,130,73.01,shipped,2026-03-06 00:00:00
784,209,112.26,shipped,2026-03-06 00:00:00
785,140,34.18,shipped,2026-03-07 00:00:00
786,145,34.4,shipped,2026-03-07 00:00:00
787,1,61.09,shipped,2026-03-07 00:00:00
788,92,18.91,shipped,2026-03-07 00:00:00
789,171,56.93,shipped,2026-03-07 00:00:00
790,115,28.01,shipped,2026-03-07 00:00:00
791,105,26.97,cancelled,2026-03-07 00:00:00
792,172,75.62,shipped,2026-03-08 00:00:00
793,16,85.15,refunded,2026-03-08 00:00:00
794,213,64.65,shipped,2026-03-09 00:00:00
795,6,40.38,shipped,2026-03-10 00:00:00
796,211,46.67,cancelled,2026-03-10 00:00:00
797,7,25.72,shipped,2026-03-10 00:00:00
798,124,38.64,shipped,2026-03-10 00:00:00
799,216,63.63,shipped,2026-03-11 00:00:00
800,9,62.55,shipped,2026-03-11 00:00:00
801,37,55.4,shipped,2026-03-11 00:00:00
802,216,56.08,shipped,2026-03-11 00:00:00
803,213,51.31,placed,2026-03-12 00:00:00
804,199,104.35,placed,2026-03-12 00:00:00
805,232,17.54,shipped,2026-03-12 00:00:00
806,7,16.08,shipped,2026-03-13 00:00:00
807,216,30.92,refunded,2026-03-13 00:00:00
808,217,51.5,refunded,2026-03-13 00:00:00
809,37,142.68,shipped,2026-03-13 00:00:00
810,27,98.49,shipped,2026-03-13 00:00:00
811,41,95.4,shipped,2026-03-13 00:00:00
812,192,62.32,shipped,2026-03-13 00:00:00
813,76,68.96,shipped,2026-03-13 00:00:00
814,213,122.24,placed,2026-03-14 00:00:00
815,186,55.94,shipped,2026-03-14 00:00:00
816,35,65.08,placed,2026-03-14 00:00:00
817,175,109.66,refunded,2026-03-14 00:00:00
818,25,191.61,placed,2026-03-15 00:00:00
819,25,51.47,shipped,2026-03-15 00:00:00
820,10,258.73,shipped,2026-03-15 00:00:00
821,130,48.08,cancelled,2026-03-15 00:00:00
822,207,48.49,cancelled,2026-03-15 00:00:00
823,152,56.53,shipped,2026-03-15 00:00:00
824,76,46.89,cancelled,2026-03-15 00:00:00
825,46,75.84,shipped,2026-03-16 00:00:00
826,232,33.82,shipped,2026-03-16 00:00:00
827,26,44.47,placed,2026-03-16 00:00:00
828,149,148.23,shipped,2026-03-16 00:00:00
829,44,146.78,shipped,2026-03-16 00:00:00
830,80,83.95,shipped,2026-03-17 00:00:00
831,102,39.67,shipped,2026-03-17 00:00:00
832,51,119.52,shipped,2026-03-17 00:00:00
833,92,78.92,shipped,2026-03-17 00:00:00
834,130,258.91,shipped,2026-03-17 00:00:00
835,178,49.29,shipped,2026-03-17 00:00:00
836,107,124.48,shipped,2026-03-17 00:00:00
837,201,132.24,shipped,2026-03-17 00:00:00
838,91,69.01,cancelled,2026-03-18 00:00:00
839,106,55.08,refunded,2026-03-18 00:00:00
840,89,82.57,shipped,2026-03-18 00:00:00
841,23,60.12,shipped,2026-03-18 00:00:00
842,98,53.1,cancelled,2026-03-18 00:00:00
843,174,194.88,shipped,2026-03-18 00:00:00
844,174,89.37,shipped,2026-03-18 00:00:00
845,5,35.15,placed,2026-03-18 00:00:00
846,203,108.03,refunded,2026-03-19 00:00:00
847,138,50.15,placed,2026-03-19 00:00:00
848,35,206.08,shipped,2026-03-19 00:00:00
849,55,44.19,shipped,2026-03-19 00:00:00
850,196,26.44,shipped,2026-03-19 00:00:00
851,116,166.59,shipped,2026-03-20 00:00:00
852,226,46.28,shipped,2026-03-20 00:00:00
853,71,114.11,refunded,2026-03-20 00:00:00
854,59,104.91,refunded,2026-03-20 00:00:00
855,232,27.9,shipped,2026-03-20 00:00:00
856,11,26.37,placed,2026-03-20 00:00:00
857,199,76.72,shipped,2026-03-20 00:00:00
858,39,50.22,shipped,2026-03-20 00:00:00
859,148,92.55,shipped,2026-03-20 00:00:00
860,221,14.15,cancelled,2026-03-20 00:00:00
861,18,93.13,shipped,2026-03-20 00:00:00
862,130,63.61,shipped,2026-03-20 00:00:00
863,102,17.0,shipped,2026-03-21 00:00:00
864,165,40.35,shipped,2026-03-21 00:00:00
865,230,32.93,refunded,2026-03-21 00:00:00
866,221,22.01,shipped,2026-03-21 00:00:00
867,120,28.58,cancelled,2026-03-21 00:00:00
868,28,40.58,placed,2026-03-21 00:00:00
869,145,56.15,shipped,2026-03-21 00:00:00
870,24,97.75,shipped,2026-03-21 00:00:00
871,161,14.14,shipped,2026-03-21 00:00:00
872,46,29.69,refunded,2026-03-22 00:00:00
873,21,43.3,cancelled,2026-03-22 00:00:00
874,52,31.28,cancelled,2026-03-22 00:00:00
875,239,29.74,shipped,2026-03-22 00:00:00
876,222,50.56,refunded,2026-03-22 00:00:00
877,130,26.22,refunded,2026-03-22 00:00:00
878,190,125.06,shipped,2026-03-22 00:00:00
879,146,59.12,shipped,2026-03-22 00:00:00
880,163,28.34,placed,2026-03-22 00:00:00
881,170,21.59,shipped,2026-03-22 00:00:00
882,44,57.91,refunded,2026-03-23 00:00:00
883,89,59.7,shipped,2026-03-23 00:00:00
884,220,96.24,placed,2026-03-24 00:00:00
885,78,62.41,shipped,2026-03-24 00:00:00
886,238,110.96,shipped,2026-03-24 00:00:00
887,9,132.9,cancelled,2026-03-24 00:00:00
888,101,40.37,placed,2026-03-24 00:00:00
889,161,39.85,shipped,2026-03-24 00:00:00
890,101,84.03,refunded,2026-03-24 00:00:00
891,68,42.16,cancelled,2026-03-25 00:00:00
892,161,10.38,cancelled,2026-03-25 00:00:00
893,11,49.32,refunded,2026-03-25 00:00:00
894,48,36.65,shipped,2026-03-25 00:00:00
895,193,37.6,placed,2026-03-26 00:00:00
896,27,141.79,shipped,2026-03-26 00:00:00
897,164,29.02,refunded,2026-03-26 00:00:00
898,139,259.4,shipped,2026-03-26 00:00:00
899,157,122.31,shipped,2026-03-26 00:00:00
900,24,33.67,shipped,2026-03-26 00:00:00
901,138,54.18,placed,2026-03-26 00:00:00
902,101,16.68,shipped,2026-03-27 00:00:00
903,150,74.05,shipped,2026-03-27 00:00:00
904,209,31.33,cancelled,2026-03-27 00:00:00
905,114,101.0,cancelled,2026-03-27 00:00:00
906,92,98.61,shipped,2026-03-27 00:00:00
907,104,123.62,shipped,2026-03-28 00:00:00
908,211,40.35,refunded,2026-03-28 00:00:00
909,68,53.14,cancelled,2026-03-28 00:00:00
910,21,45.02,cancelled,2026-03-28 00:00:00
911,51,24.27,cancelled,2026-03-28 00:00:00
912,109,68.97,placed,2026-03-28 00:00:00
913,212,28.89,shipped,2026-03-28 00:00:00
914,214,12.71,refunded,2026-03-29 00:00:00
915,226,43.17,shipped,2026-03-29 00:00:00
916,102,31.23,shipped,2026-03-29 00:00:00
917,223,62.68,placed,2026-03-29 00:00:00
918,87,53.64,shipped,2026-03-29 00:00:00
919,20,63.95,shipped,2026-03-29 00:00:00
920,129,123.37,shipped,2026-03-30 00:00:00
921,144,89.45,placed,2026-03-30 00:00:00
922,45,68.04,cancelled,2026-03-30 00:00:00
923,220,70.59,shipped,2026-03-30 00:00:00
924,18,72.71,shipped,2026-03-30 00:00:00
925,73,64.74,shipped,2026-03-30 00:00:00
926,224,6.67,shipped,2026-03-30 00:00:00
927,40,67.86,shipped,2026-03-31 00:00:00
928,129,74.21,placed,2026-03-31 00:00:00
929,114,192.23,shipped,2026-03-31 00:00:00
930,206,84.48,cancelled,2026-03-31 00:00:00
931,194,7.6,cancelled,2026-03-31 00:00:00
932,223,46.53,shipped,2026-03-31 00:00:00
933,228,82.44,shipped,2026-03-31 00:00:00
934,131,44.67,shipped,2026-03-31 00:00:00
935,214,36.73,shipped,2026-03-31 00:00:00
936,219,157.14,cancelled,2026-04-01 00:00:00
937,44,144.51,placed,2026-04-01 00:00:00
938,162,14.79,shipped,2026-04-01 00:00:00
939,39,48.34,cancelled,2026-04-01 00:00:00
940,153,27.15,shipped,2026-04-01 00:00:00
941,14,60.42,shipped,2026-04-01 00:00:00
942,187,70.11,shipped,2026-04-01 00:00:00
943,169,38.8,placed,2026-04-01 00:00:00
944,106,84.37,cancelled,2026-04-01 00:00:00
945,56,52.99,refunded,2026-04-02 00:00:00
946,159,28.44,shipped,2026-04-02 00:00:00
947,116,38.45,refunded,2026-04-03 00:00:00
948,194,41.88,placed,2026-04-03 00:00:00
949,187,130.96,refunded,2026-04-03 00:00:00
950,6,229.55,refunded,2026-04-03 00:00:00
951,62,131.54,shipped,2026-04-03 00:00:00
952,115,69.2,cancelled,2026-04-03 00:00:00
953,2,122.8,shipped,2026-04-03 00:00:00
954,133,35.76,shipped,2026-04-03 00:00:00
955,132,23.02,refunded,2026-04-04 00:00:00
956,39,138.95,shipped,2026-04-04 00:00:00
957,55,15.36,shipped,2026-04-04 00:00:00
958,121,45.5,shipped,2026-04-04 00:00:00
959,102,126.14,refunded,2026-04-05 00:00:00
960,21,54.11,shipped,2026-04-06 00:00:00
961,151,58.77,shipped,2026-04-06 00:00:00
962,181,81.37,shipped,2026-04-06 00:00:00
963,47,36.98,refunded,2026-04-06 00:00:00
964,215,43.04,refunded,2026-04-06 00:00:00
965,8,28.88,shipped,2026-04-06 00:00:00
966,165,77.48,shipped,2026-04-07 00:00:00
967,135,16.93,placed,2026-04-07 00:00:00
968,33,19.86,shipped,2026-04-08 00:00:00
969,53,47.54,shipped,2026-04-08 00:00:00
970,139,44.24,refunded,2026-04-08 00:00:00
971,136,137.27,shipped,2026-04-08 00:00:00
972,124,44.53,placed,2026-04-08 00:00:00
973,25,48.26,placed,2026-04-09 00:00:00
974,167,30.31,shipped,2026-04-09 00:00:00
975,238,92.43,shipped,2026-04-09 00:00:00
976,124,6.65,placed,2026-04-09 00:00:00
977,46,23.48,cancelled,2026-04-09 00:00:00
978,187,80.19,shipped,2026-04-09 00:00:00
979,32,22.05,cancelled,2026-04-09 00:00:00
980,129,27.19,shipped,2026-04-10 00:00:00
981,101,39.17,shipped,2026-04-10 00:00:00
982,47,55.25,refunded,2026-04-10 00:00:00
983,240,11.47,shipped,2026-04-10 00:00:00
984,14,518.88,shipped,2026-04-10 00:00:00
985,19,26.33,shipped,2026-04-10 00:00:00
986,3,31.35,refunded,2026-04-11 00:00:00
987,60,44.63,shipped,2026-04-11 00:00:00
988,114,52.58,shipped,2026-04-11 00:00:00
989,184,46.74,shipped,2026-04-11 00:00:00
990,40,40.93,refunded,2026-04-11 00:00:00
991,8,43.52,shipped,2026-04-11 00:00:00
992,2,47.45,refunded,2026-04-12 00:00:00
993,117,25.43,shipped,2026-04-12 00:00:00
994,161,125.12,shipped,2026-04-12 00:00:00
995,196,79.29,shipped,2026-04-13 00:00:00
996,2,34.95,shipped,2026-04-13 00:00:00
997,102,50.76,shipped,2026-04-13 00:00:00
998,148,59.25,placed,2026-04-13 00:00:00
999,99,186.15,refunded,2026-04-13 00:00:00
1000,46,61.04,shipped,2026-04-13 00:00:00
1001,67,26.64,placed,2026-04-13 00:00:00
1002,215,51.23,shipped,2026-04-13 00:00:00
1003,58,39.8,shipped,2026-04-14 00:00:00
1004,113,36.26,shipped,2026-04-14 00:00:00
1005,21,28.83,refunded,2026-04-14 00:00:00
1006,167,34.84,shipped,2026-04-14 00:00:00
1007,9,60.96,cancelled,2026-04-14 00:00:00
1008,43,60.85,placed,2026-04-14 00:00:00
1009,113,166.53,refunded,2026-04-15 00:00:00
1010,109,53.37,cancelled,2026-04-15 00:00:00
1011,47,30.38,shipped,2026-04-15 00:00:00
1012,181,37.21,shipped,2026-04-15 00:00:00
1013,55,24.41,shipped,2026-04-15 00:00:00
1014,43,28.09,shipped,2026-04-15 00:00:00
1015,165,65.9,shipped,2026-04-15 00:00:00
1016,232,297.06,shipped,2026-04-16 00:00:00
1017,135,48.26,cancelled,2026-04-16 00:00:00
1018,63,81.25,shipped,2026-04-16 00:00:00
1019,43,66.85,shipped,2026-04-16 00:00:00
1020,224,79.47,shipped,2026-04-16 00:00:00
1021,18,154.05,shipped,2026-04-16 00:00:00
1022,117,102.68,refunded,2026-04-16 00:00:00
1023,54,46.54,shipped,2026-04-16 00:00:00
1024,214,18.87,placed,2026-04-17 00:00:00
1025,9,83.31,cancelled,2026-04-17 00:00:00
1026,237,43.66,refunded,2026-04-17 00:00:00
1027,167,34.42,shipped,2026-04-18 00:00:00
1028,19,42.99,refunded,2026-04-18 00:00:00
1029,238,177.8,refunded,2026-04-18 00:00:00
1030,168,123.73,refunded,2026-04-18 00:00:00
1031,231,97.28,shipped,2026-04-18 00:00:00
1032,47,111.72,cancelled,2026-04-19 00:00:00
1033,232,44.81,shipped,2026-04-19 00:00:00
1034,83,105.85,cancelled,2026-04-19 00:00:00
1035,44,21.76,shipped,2026-04-19 00:00:00
1036,184,121.95,shipped,2026-04-20 00:00:00
1037,148,106.97,shipped,2026-04-20 00:00:00
1038,55,90.13,shipped,2026-04-20 00:00:00
1039,140,74.65,shipped,2026-04-20 00:00:00
1040,144,28.42,placed,2026-04-21 00:00:00
1041,26,55.1,refunded,2026-04-21 00:00:00
1042,171,115.96,cancelled,2026-04-21 00:00:00
1043,221,34.17,cancelled,2026-04-21 00:00:00
1044,154,112.51,shipped,2026-04-22 00:00:00
1045,134,117.49,shipped,2026-04-22 00:00:00
1046,124,18.97,shipped,2026-04-22 00:00:00
1047,173,41.28,refunded,2026-04-22 00:00:00
1048,55,27.76,refunded,2026-04-22 00:00:00
1049,14,52.1,placed,2026-04-22 00:00:00
1050,63,39.8,shipped,2026-04-23 00:00:00
1051,136,14.02,shipped,2026-04-23 00:00:00
1052,200,58.13,shipped,2026-04-23 00:00:00
1053,33,91.1,refunded,2026-04-23 00:00:00
1054,21,62.93,refunded,2026-04-23 00:00:00
1055,80,35.2,shipped,2026-04-24 00:00:00
1056,184,31.15,shipped,2026-04-24 00:00:00
1057,57,117.7,shipped,2026-04-24 00:00:00
1058,65,94.61,shipped,2026-04-24 00:00:00
1059,76,26.42,shipped,2026-04-24 00:00:00
1060,121,77.59,placed,2026-04-24 00:00:00
1061,84,57.98,cancelled,2026-04-25 00:00:00
1062,201,48.69,shipped,2026-04-25 00:00:00
1063,233,62.72,shipped,2026-04-25 00:00:00
1064,71,21.92,shipped,2026-04-25 00:00:00
1065,65,62.8,shipped,2026-04-25 00:00:00
1066,83,212.13,cancelled,2026-04-25 00:00:00
1067,104,43.09,shipped,2026-04-25 00:00:00
1068,56,95.16,shipped,2026-04-25 00:00:00
1069,126,42.32,refunded,2026-04-26 00:00:00
1070,60,27.4,shipped,2026-04-26 00:00:00
1071,121,47.0,shipped,2026-04-27 00:00:00
1072,169,33.0,shipped,2026-04-27 00:00:00
1073,138,26.33,shipped,2026-04-27 00:00:00
1074,220,143.43,shipped,2026-04-27 00:00:00
1075,144,102.92,shipped,2026-04-28 00:00:00
1076,1,46.13,shipped,2026-04-28 00:00:00
1077,57,159.07,shipped,2026-04-28 00:00:00
1078,58,26.42,placed,2026-04-29 00:00:00
1079,101,12.95,shipped,2026-04-29 00:00:00
1080,124,40.82,refunded,2026-04-29 00:00:00
1081,14,42.43,shipped,2026-04-30 00:00:00
1082,48,48.67,refunded,2026-04-30 00:00:00
1083,115,29.13,placed,2026-04-30 00:00:00
1084,62,79.8,shipped,2026-04-30 00:00:00
1085,89,6.1,shipped,2026-04-30 00:00:00
1086,200,39.72,shipped,2026-04-30 00:00:00
1087,38,48.44,placed,2026-04-30 00:00:00
1088,121,96.31,shipped,2026-05-01 00:00:00
1089,159,94.96,placed,2026-05-01 00:00:00
1090,117,64.07,shipped,2026-05-01 00:00:00
1091,22,53.01,shipped,2026-05-01 00:00:00
1092,134,20.18,shipped,2026-05-02 00:00:00
1093,52,71.24,shipped,2026-05-02 00:00:00
1094,209,40.66,shipped,2026-05-02 00:00:00
1095,217,28.79,shipped,2026-05-02 00:00:00
1096,108,42.26,shipped,2026-05-02 00:00:00
1097,102,47.62,cancelled,2026-05-02 00:00:00
1098,232,24.22,cancelled,2026-05-02 00:00:00
1099,222,36.45,placed,2026-05-03 00:00:00
1100,117,126.23,refunded,2026-05-03 00:00:00
1101,19,43.79,refunded,2026-05-03 00:00:00
1102,109,37.86,shipped,2026-05-03 00:00:00
1103,41,24.65,shipped,2026-05-03 00:00:00
1104,175,42.51,placed,2026-05-03 00:00:00
1105,111,49.16,refunded,2026-05-03 00:00:00
1106,194,64.16,refunded,2026-05-04 00:00:00
1107,48,147.23,shipped,2026-05-04 00:00:00
1108,111,30.78,shipped,2026-05-04 00:00:00
1109,117,17.22,shipped,2026-05-04 00:00:00
1110,159,25.04,shipped,2026-05-04 00:00:00
1111,205,47.04,shipped,2026-05-04 00:00:00
1112,62,49.11,placed,2026-05-04 00:00:00
1113,70,45.11,placed,2026-05-04 00:00:00
1114,221,23.29,shipped,2026-05-04 00:00:00
1115,233,53.18,placed,2026-05-05 00:00:00
1116,14,68.89,refunded,2026-05-05 00:00:00
1117,224,21.63,cancelled,2026-05-05 00:00:00
1118,180,92.66,placed,2026-05-05 00:00:00
1119,106,52.01,refunded,2026-05-05 00:00:00
1120,9,81.41,cancelled,2026-05-05 00:00:00
1121,201,99.79,shipped,2026-05-06 00:00:00
1122,204,6.29,placed,2026-05-06 00:00:00
1123,6,40.96,shipped,2026-05-06 00:00:00
1124,166,20.29,refunded,2026-05-07 00:00:00
1125,102,25.68,refunded,2026-05-07 00:00:00
1126,206,80.61,refunded,2026-05-07 00:00:00
1127,141,29.88,shipped,2026-05-08 00:00:00
1128,215,89.85,cancelled,2026-05-08 00:00:00
1129,119,122.88,refunded,2026-05-08 00:00:00
1130,28,45.0,cancelled,2026-05-08 00:00:00
1131,97,25.24,cancelled,2026-05-08 00:00:00
1132,210,9.09,shipped,2026-05-08 00:00:00
1133,66,53.15,shipped,2026-05-08 00:00:00
1134,10,43.3,cancelled,2026-05-08 00:00:00
1135,83,29.11,shipped,2026-05-08 00:00:00
1136,52,13.8,cancelled,2026-05-09 00:00:00
1137,140,110.31,shipped,2026-05-09 00:00:00
1138,71,57.66,cancelled,2026-05-09 00:00:00
1139,33,19.22,shipped,2026-05-09 00:00:00
1140,221,148.16,shipped,2026-05-09 00:00:00
1141,111,59.94,shipped,2026-05-10 00:00:00
1142,55,5.9,shipped,2026-05-10 00:00:00
1143,29,129.3,shipped,2026-05-10 00:00:00
1144,215,57.0,placed,2026-05-10 00:00:00
1145,80,24.4,placed,2026-05-10 00:00:00
1146,110,117.05,shipped,2026-05-10 00:00:00
1147,116,31.61,shipped,2026-05-11 00:00:00
1148,233,100.41,refunded,2026-05-11 00:00:00
1149,51,72.18,shipped,2026-05-11 00:00:00
1150,237,83.65,refunded,2026-05-11 00:00:00
1151,201,30.06,cancelled,2026-05-11 00:00:00
1152,32,61.93,shipped,2026-05-12 00:00:00
1153,210,52.17,shipped,2026-05-12 00:00:00
1154,169,65.05,shipped,2026-05-12 00:00:00
1155,17,33.49,shipped,2026-05-12 00:00:00
1156,209,111.27,refunded,2026-05-12 00:00:00
1157,226,63.23,cancelled,2026-05-12 00:00:00
1158,1,37.32,cancelled,2026-05-12 00:00:00
1159,36,47.06,placed,2026-05-13 00:00:00
1160,201,38.25,cancelled,2026-05-13 00:00:00
1161,202,20.73,cancelled,2026-05-13 00:00:00
1162,116,94.62,shipped,2026-05-13 00:00:00
1163,186,37.41,cancelled,2026-05-13 00:00:00
1164,166,21.5,shipped,2026-05-13 00:00:00
1165,14,65.75,shipped,2026-05-13 00:00:00
1166,33,45.92,refunded,2026-05-13 00:00:00
1167,214,154.9,shipped,2026-05-14 00:00:00
1168,104,15.4,cancelled,2026-05-14 00:00:00
1169,73,139.85,placed,2026-05-14 00:00:00
1170,124,54.44,shipped,2026-05-15 00:00:00
1171,26,146.64,shipped,2026-05-15 00:00:00
1172,110,216.54,shipped,2026-05-16 00:00:00
1173,121,47.28,shipped,2026-05-16 00:00:00
1174,33,29.85,shipped,2026-05-16 00:00:00
1175,173,56.96,cancelled,2026-05-16 00:00:00
1176,18,34.79,shipped,2026-05-16 00:00:00
1177,97,126.78,shipped,2026-05-17 00:00:00
1178,168,58.67,shipped,2026-05-17 00:00:00
1179,128,49.92,shipped,2026-05-17 00:00:00
1180,240,67.14,placed,2026-05-17 00:00:00
1181,20,88.25,shipped,2026-05-17 00:00:00
1182,224,36.14,placed,2026-05-17 00:00:00
1183,139,31.83,placed,2026-05-17 00:00:00
1184,151,30.51,shipped,2026-05-17 00:00:00
1185,60,115.52,shipped,2026-05-17 00:00:00
1186,156,10.58,shipped,2026-05-18 00:00:00
1187,114,49.85,placed,2026-05-18 00:00:00
1188,175,38.66,refunded,2026-05-18 00:00:00
1189,131,51.2,refunded,2026-05-18 00:00:00
1190,10,15.37,cancelled,2026-05-18 00:00:00
1191,217,51.89,shipped,2026-05-18 00:00:00
1192,13,20.66,shipped,2026-05-18 00:00:00
1193,229,85.91,shipped,2026-05-18 00:00:00
1194,49,95.99,shipped,2026-05-19 00:00:00
1195,238,21.09,placed,2026-05-19 00:00:00
1196,117,7.63,placed,2026-05-19 00:00:00
1197,138,43.75,cancelled,2026-05-19 00:00:00
1198,102,25.8,shipped,2026-05-19 00:00:00
1199,132,129.65,placed,2026-05-20 00:00:00
1200,56,60.23,shipped,2026-05-20 00:00:00
1201,140,69.1,shipped,2026-05-20 00:00:00
1202,237,133.11,shipped,2026-05-21 00:00:00
1203,47,55.0,shipped,2026-05-22 00:00:00
1204,217,14.84,shipped,2026-05-22 00:00:00
1205,75,299.36,shipped,2026-05-22 00:00:00
1206,73,28.62,shipped,2026-05-22 00:00:00
1207,47,99.25,shipped,2026-05-22 00:00:00
1208,162,27.34,shipped,2026-05-23 00:00:00
1209,156,33.82,shipped,2026-05-23 00:00:00
1210,167,40.86,shipped,2026-05-23 00:00:00
1211,228,45.14,placed,2026-05-23 00:00:00
1212,34,44.94,refunded,2026-05-23 00:00:00
1213,47,125.36,shipped,2026-05-23 00:00:00
1214,70,41.77,cancelled,2026-05-23 00:00:00
1215,22,13.33,placed,2026-05-24 00:00:00
1216,162,68.91,refunded,2026-05-24 00:00:00
1217,83,16.62,shipped,2026-05-24 00:00:00
1218,229,20.88,cancelled,2026-05-24 00:00:00
1219,54,17.71,shipped,2026-05-24 00:00:00
1220,76,52.0,shipped,2026-05-25 00:00:00
1221,200,35.03,shipped,2026-05-25 00:00:00
1222,110,31.56,shipped,2026-05-25 00:00:00
1223,156,42.02,cancelled,2026-05-25 00:00:00
1224,121,12.17,shipped,2026-05-25 00:00:00
1225,159,43.53,refunded,2026-05-25 00:00:00
1226,34,8.01,shipped,2026-05-25 00:00:00
1227,167,173.8,placed,2026-05-26 00:00:00
1228,40,107.12,refunded,2026-05-26 00:00:00
1229,203,11.96,shipped,2026-05-26 00:00:00
1230,206,31.63,shipped,2026-05-26 00:00:00
1231,34,54.43,refunded,2026-05-27 00:00:00
1232,4,147.93,placed,2026-05-27 00:00:00
1233,215,111.84,placed,2026-05-28 00:00:00
1234,3,61.5,shipped,2026-05-28 00:00:00
1235,38,22.72,refunded,2026-05-28 00:00:00
1236,187,69.08,cancelled,2026-05-29 00:00:00
1237,138,37.42,placed,2026-05-29 00:00:00
1238,27,72.46,shipped,2026-05-29 00:00:00
1239,70,87.55,refunded,2026-05-29 00:00:00
1240,66,78.81,placed,2026-05-29 00:00:00
1241,184,192.8,cancelled,2026-05-30 00:00:00
1242,206,16.49,shipped,2026-05-30 00:00:00
1243,184,108.75,cancelled,2026-05-30 00:00:00
1244,62,26.75,placed,2026-05-30 00:00:00
1245,53,37.19,shipped,2026-05-30 00:00:00
1246,135,78.63,shipped,2026-05-31 00:00:00
1247,15,21.51,placed,2026-06-01 00:00:00
1248,172,103.01,refunded,2026-06-01 00:00:00
1249,181,126.64,shipped,2026-06-01 00:00:00
1250,192,190.39,shipped,2026-06-01 00:00:00
1251,65,44.07,refunded,2026-06-01 00:00:00
1252,124,29.3,shipped,2026-06-02 00:00:00
1253,8,23.6,cancelled,2026-06-02 00:00:00
1254,168,9.41,shipped,2026-06-02 00:00:00
1255,25,87.88,placed,2026-06-02 00:00:00
1256,29,45.94,shipped,2026-06-03 00:00:00
1257,6,57.71,placed,2026-06-04 00:00:00
1258,222,29.8,shipped,2026-06-04 00:00:00
1259,55,52.32,refunded,2026-06-04 00:00:00
1260,172,21.56,placed,2026-06-04 00:00:00
1261,197,60.19,refunded,2026-06-04 00:00:00
1262,124,20.84,shipped,2026-06-04 00:00:00
1263,175,65.68,shipped,2026-06-05 00:00:00
1264,22,73.12,shipped,2026-06-05 00:00:00
1265,197,32.05,cancelled,2026-06-05 00:00:00
1266,117,56.75,cancelled,2026-06-05 00:00:00
1267,53,14.3,shipped,2026-06-05 00:00:00
1268,233,18.55,shipped,2026-06-05 00:00:00
1269,15,71.03,shipped,2026-06-06 00:00:00
1270,66,87.71,shipped,2026-06-06 00:00:00
1271,13,152.89,shipped,2026-06-06 00:00:00
1272,29,15.66,shipped,2026-06-06 00:00:00
1273,123,183.24,cancelled,2026-06-06 00:00:00
1274,162,8.14,shipped,2026-06-06 00:00:00
1275,26,65.97,cancelled,2026-06-06 00:00:00
1276,196,30.4,shipped,2026-06-07 00:00:00
1277,197,30.74,shipped,2026-06-07 00:00:00
1278,221,20.07,shipped,2026-06-07 00:00:00
1279,150,33.6,shipped,2026-06-07 00:00:00
1280,3,26.87,shipped,2026-06-07 00:00:00
1281,63,211.2,refunded,2026-06-07 00:00:00
1282,11,182.8,shipped,2026-06-08 00:00:00
1283,231,53.55,placed,2026-06-08 00:00:00
1284,22,113.23,shipped,2026-06-08 00:00:00
1285,111,48.96,shipped,2026-06-09 00:00:00
1286,149,98.66,shipped,2026-06-09 00:00:00
1287,1,24.23,cancelled,2026-06-09 00:00:00
1288,186,51.72,placed,2026-06-10 00:00:00
1289,67,20.68,refunded,2026-06-10 00:00:00
1290,202,28.72,cancelled,2026-06-10 00:00:00
1291,207,108.2,shipped,2026-06-10 00:00:00
1292,33,68.6,shipped,2026-06-10 00:00:00
1293,135,56.93,shipped,2026-06-11 00:00:00
1294,53,53.0,refunded,2026-06-11 00:00:00
1295,115,49.74,cancelled,2026-06-11 00:00:00
1296,4,18.58,shipped,2026-06-11 00:00:00
1297,131,77.89,shipped,2026-06-12 00:00:00
1298,233,30.79,shipped,2026-06-12 00:00:00
1299,45,7.38,shipped,2026-06-12 00:00:00
1300,159,101.46,shipped,2026-06-12 00:00:00
1301,240,36.45,shipped,2026-06-12 00:00:00
1302,58,145.06,shipped,2026-06-13 00:00:00
1303,102,138.88,refunded,2026-06-13 00:00:00
1304,21,85.73,shipped,2026-06-13 00:00:00
1305,134,40.27,shipped,2026-06-13 00:00:00
1306,40,35.71,shipped,2026-06-13 00:00:00
1307,154,49.92,shipped,2026-06-13 00:00:00
1308,158,43.34,shipped,2026-06-13 00:00:00
1309,235,88.29,cancelled,2026-06-14 00:00:00
1310,17,22.34,refunded,2026-06-14 00:00:00
1311,181,43.49,placed,2026-06-14 00:00:00
1312,71,71.41,cancelled,2026-06-14 00:00:00
1313,164,74.19,refunded,2026-06-14 00:00:00
1314,106,21.98,shipped,2026-06-14 00:00:00
1315,1,90.92,shipped,2026-06-14 00:00:00
1316,2,13.79,shipped,2026-06-14 00:00:00
1317,116,84.82,refunded,2026-06-14 00:00:00
1318,99,162.1,shipped,2026-06-14 00:00:00
1319,154,52.72,shipped,2026-06-15 00:00:00
1320,52,68.47,shipped,2026-06-15 00:00:00
1321,194,27.71,shipped,2026-06-15 00:00:00
1322,205,43.98,shipped,2026-06-15 00:00:00
1323,9,128.37,refunded,2026-06-16 00:00:00
1324,84,116.2,shipped,2026-06-17 00:00:00
1325,81,58.83,cancelled,2026-06-17 00:00:00
1326,208,91.87,shipped,2026-06-17 00:00:00
1327,223,65.49,cancelled,2026-06-17 00:00:00
1328,144,19.2,placed,2026-06-17 00:00:00
1329,60,25.45,placed,2026-06-18 00:00:00
1330,78,57.16,shipped,2026-06-18 00:00:00
1331,13,217.91,shipped,2026-06-18 00:00:00
1332,126,68.21,refunded,2026-06-18 00:00:00
1333,57,101.41,refunded,2026-06-19 00:00:00
1334,113,48.59,placed,2026-06-19 00:00:00
1335,114,64.05,shipped,2026-06-19 00:00:00
1336,186,16.12,shipped,2026-06-19 00:00:00
1337,78,104.21,placed,2026-06-19 00:00:00
1338,215,59.81,shipped,2026-06-19 00:00:00
1339,73,133.55,shipped,2026-06-19 00:00:00
1340,91,117.04,cancelled,2026-06-19 00:00:00
1341,133,129.91,shipped,2026-06-20 00:00:00
1342,9,12.58,shipped,2026-06-20 00:00:00
1343,217,26.95,shipped,2026-06-20 00:00:00
1344,167,87.77,shipped,2026-06-20 00:00:00
1345,105,80.45,placed,2026-06-21 00:00:00
1346,28,39.46,shipped,2026-06-21 00:00:00
1347,209,21.61,refunded,2026-06-21 00:00:00
1348,80,23.42,shipped,2026-06-21 00:00:00
1349,162,21.31,shipped,2026-06-21 00:00:00
1350,109,25.02,refunded,2026-06-22 00:00:00
1351,159,32.02,refunded,2026-06-22 00:00:00
1352,55,81.25,cancelled,2026-06-23 00:00:00
1353,2,5.24,shipped,2026-06-23 00:00:00
1354,228,34.38,shipped,2026-06-23 00:00:00
1355,48,65.69,refunded,2026-06-23 00:00:00
1356,67,40.68,shipped,2026-06-23 00:00:00
1357,147,102.39,refunded,2026-06-23 00:00:00
1358,165,33.71,placed,2026-06-24 00:00:00
1359,12,103.55,shipped,2026-06-24 00:00:00
1360,144,30.52,shipped,2026-06-24 00:00:00
1361,36,55.54,shipped,2026-06-24 00:00:00
1362,20,83.26,refunded,2026-06-24 00:00:00
1363,131,39.6,placed,2026-06-24 00:00:00
1364,39,58.16,shipped,2026-06-25 00:00:00
1365,173,237.6,shipped,2026-06-25 00:00:00
1366,3,12.0,shipped,2026-06-25 00:00:00
1367,39,62.11,shipped,2026-06-25 00:00:00
1368,180,56.03,shipped,2026-06-25 00:00:00
1369,15,108.28,refunded,2026-06-26 00:00:00
1370,158,29.89,refunded,2026-06-26 00:00:00
1371,208,16.84,shipped,2026-06-26 00:00:00
1372,89,20.91,shipped,2026-06-26 00:00:00
1373,240,45.04,shipped,2026-06-26 00:00:00
1374,111,31.68,shipped,2026-06-26 00:00:00
1375,73,53.04,shipped,2026-06-26 00:00:00
1376,184,15.73,refunded,2026-06-26 00:00:00
1377,58,27.98,shipped,2026-06-26 00:00:00
1378,229,43.74,placed,2026-06-26 00:00:00
1379,67,42.27,shipped,2026-06-26 00:00:00
1380,180,104.71,shipped,2026-06-27 00:00:00
1381,158,138.67,placed,2026-06-27 00:00:00
1382,221,51.45,cancelled,2026-06-28 00:00:00
1383,164,314.33,placed,2026-06-28 00:00:00
1384,22,139.05,shipped,2026-06-28 00:00:00
1385,141,215.96,shipped,2026-06-28 00:00:00
1386,76,20.6,refunded,2026-06-29 00:00:00
1387,212,61.33,cancelled,2026-06-30 00:00:00
1388,53,71.31,shipped,2026-06-30 00:00:00
1389,9,70.31,placed,2026-06-30 00:00:00
1390,194,42.98,shipped,2026-06-30 00:00:00
1391,148,11.01,shipped,2026-06-30 00:00:00
1392,57,60.38,cancelled,2026-06-30 00:00:00
1393,49,22.59,refunded,2026-06-30 00:00:00
1394,108,48.8,cancelled,2026-07-01 00:00:00
1395,192,21.54,placed,2026-07-01 00:00:00
1396,29,51.24,shipped,2026-07-01 00:00:00
1397,10,37.16,shipped,2026-07-01 00:00:00
1398,102,47.68,placed,2026-07-01 00:00:00
1399,121,43.6,refunded,2026-07-01 00:00:00
1400,108,26.92,refunded,2026-07-01 00:00:00
